"Tabela 10374 - Rendimento médio mensal real das pessoas de 14 anos ou mais de idade ocupadas na semana de referência com rendimento de trabalho, habitualmente e efetivamente recebidos no trabalho principal e em todos os trabalhos, por cor ou raça"
"Variável - Rendimento médio mensal real das pessoas de 14 anos ou mais de idade ocupadas na semana de referência com rendimento de trabalho, habitualmente recebido no trabalho principal (Mil Reais)"
"Brasil, Região Integrada de Desenvolvimento até 2020, Grande Região, Unidade da Federação, Município e Região Metropolitana até 2020";"Ano x Cor ou raça"
"Brasil, Região Integrada de Desenvolvimento até 2020, Grande Região, Unidade da Federação, Município e Região Metropolitana até 2020";"2012";;;;"2013";;;;"2014";;;;"2015";;;;"2016";;;;"2017";;;;"2018";;;;"2019";;;;"2023";;;;"2024";;;;"2025"
"Brasil, Região Integrada de Desenvolvimento até 2020, Grande Região, Unidade da Federação, Município e Região Metropolitana até 2020";"Total";"Branca";"Preta";"Parda";"Total";"Branca";"Preta";"Parda";"Total";"Branca";"Preta";"Parda";"Total";"Branca";"Preta";"Parda";"Total";"Branca";"Preta";"Parda";"Total";"Branca";"Preta";"Parda";"Total";"Branca";"Preta";"Parda";"Total";"Branca";"Preta";"Parda";"Total";"Branca";"Preta";"Parda";"Total";"Branca";"Preta";"Parda";"Total";"Branca";"Preta";"Parda"
"Brasil";"2985";"3799";"2191";"2180";"3089";"3920";"2312";"2266";"3193";"4056";"2347";"2344";"3063";"3882";"2265";"2288";"3075";"3986";"2231";"2230";"3049";"3913";"2220";"2279";"3114";"4023";"2304";"2330";"3095";"4004";"2260";"2330";"3152";"4057";"2369";"2412";"3263";"4188";"2505";"2535";"3447";"4425";"2585";"2672"
"Norte";"2408";"3426";"2341";"2089";"2398";"3552";"2013";"2090";"2428";"3409";"2193";"2172";"2363";"3271";"2039";"2134";"2221";"3024";"2099";"2010";"2293";"3276";"2088";"2032";"2380";"3449";"2075";"2103";"2255";"3067";"2086";"2043";"2548";"3559";"2227";"2303";"2476";"3375";"2256";"2263";"2684";"3779";"2432";"2405"
"Nordeste";"1978";"2651";"1791";"1721";"2067";"2780";"1778";"1805";"2137";"2823";"1934";"1880";"2073";"2774";"1813";"1837";"2051";"2768";"1745";"1818";"2088";"2925";"1690";"1822";"2071";"2771";"1868";"1824";"2110";"2884";"1762";"1870";"2072";"2790";"1746";"1850";"2255";"3006";"1897";"2033";"2364";"3227";"1912";"2100"
"Sudeste";"3417";"4188";"2315";"2439";"3543";"4326";"2522";"2532";"3708";"4545";"2525";"2613";"3548";"4325";"2498";"2562";"3609";"4520";"2441";"2493";"3484";"4328";"2441";"2533";"3602";"4537";"2490";"2590";"3556";"4480";"2470";"2572";"3608";"4511";"2614";"2681";"3656";"4515";"2769";"2809";"3841";"4762";"2853";"2958"
"Sul";"3243";"3460";"2394";"2324";"3370";"3594";"2545";"2463";"3447";"3678";"2437";"2544";"3307";"3537";"2417";"2428";"3287";"3542";"2480";"2352";"3319";"3585";"2360";"2425";"3354";"3638";"2530";"2487";"3406";"3687";"2510";"2608";"3390";"3697";"2632";"2577";"3739";"4104";"2848";"2781";"3920";"4266";"2971";"2955"
"Centro-Oeste";"3457";"4470";"2640";"2806";"3512";"4427";"2970";"2900";"3596";"4430";"2875";"3055";"3451";"4287";"2693";"2936";"3372";"4402";"2672";"2772";"3447";"4257";"2843";"2927";"3459";"4249";"2729";"3053";"3370";"4214";"2739";"2909";"3607";"4655";"2936";"3006";"3667";"4737";"3001";"3104";"4012";"5218";"3098";"3354"
"Rondônia";"2508";"3053";"2477";"2204";"2541";"3077";"2211";"2247";"2550";"2932";"2299";"2391";"2611";"3173";"2169";"2373";"2413";"2861";"2516";"2164";"2526";"2925";"2101";"2383";"2797";"3588";"2374";"2436";"2636";"3134";"2398";"2432";"2883";"3562";"2460";"2658";"3067";"3775";"3043";"2775";"3289";"4241";"2926";"2840"
"Acre";"2660";"3589";"2152";"2368";"2512";"3444";"2467";"2242";"2580";"3574";"2249";"2350";"2665";"4044";"2331";"2349";"2470";"3577";"1928";"2268";"2399";"3380";"2413";"2138";"2502";"3246";"2285";"2297";"2554";"3586";"2138";"2303";"2525";"3437";"2039";"2338";"2606";"3646";"1976";"2402";"2730";"3473";"2573";"2563"
"Amazonas";"2755";"4435";"2256";"2285";"2709";"5060";"2491";"2183";"2679";"4570";"2483";"2222";"2619";"3952";"2474";"2329";"2318";"3455";"2179";"2057";"2639";"5099";"2712";"2059";"2185";"3374";"1733";"1950";"2311";"3228";"2286";"2131";"2523";"3825";"2161";"2276";"2359";"3237";"2331";"2197";"2664";"3723";"2418";"2474"
"Roraima";"3169";"4656";"3229";"2722";"3191";"4232";"2266";"2968";"2929";"4181";"2737";"2587";"2980";"4169";"2906";"2639";"3050";"4229";"2709";"2745";"2882";"3694";"2793";"2683";"3258";"4515";"2807";"2932";"2905";"3781";"2162";"2831";"2987";"3964";"2506";"2747";"2850";"3837";"2744";"2568";"3281";"3921";"2582";"3240"
"Pará";"2145";"2962";"2350";"1895";"2118";"3099";"1875";"1870";"2161";"2892";"1948";"1994";"2027";"2770";"1841";"1847";"1968";"2651";"1883";"1814";"1952";"2579";"1857";"1799";"2207";"3252";"1891";"1968";"1994";"2761";"1949";"1783";"2365";"3370";"2072";"2115";"2269";"3160";"2052";"2069";"2415";"3671";"2234";"2105"
"Amapá";"2675";"3642";"2465";"2466";"2907";"3780";"2066";"2825";"2945";"3415";"3197";"2711";"2999";"3434";"2478";"2961";"2917";"3582";"3045";"2669";"3040";"3443";"3166";"2907";"2771";"3633";"2736";"2571";"2572";"3036";"2586";"2425";"3032";"3828";"3135";"2789";"2780";"2945";"2539";"2786";"3007";"3319";"3053";"2881"
"Tocantins";"2412";"3506";"1960";"2052";"2412";"3363";"1767";"2215";"2597";"3711";"2230";"2310";"2635";"3822";"2003";"2340";"2373";"3144";"2074";"2163";"2442";"3197";"1978";"2222";"2690";"3806";"2396";"2322";"2518";"3656";"1989";"2246";"2778";"3743";"2327";"2561";"2801";"3929";"2395";"2509";"2970";"3918";"2558";"2731"
"Maranhão";"1581";"2055";"1453";"1464";"1680";"2105";"1363";"1607";"1605";"2124";"1532";"1474";"1633";"2112";"1438";"1541";"1704";"2321";"1511";"1560";"1730";"2478";"1505";"1555";"1798";"2293";"1550";"1709";"1792";"2362";"1619";"1650";"1973";"2689";"1813";"1806";"2091";"2662";"1790";"2005";"2153";"3027";"1841";"1962"
"Piauí";"1612";"2015";"1263";"1538";"1888";"2623";"1667";"1682";"1789";"2315";"1915";"1616";"1868";"2946";"1597";"1620";"1898";"2781";"1637";"1651";"1830";"2543";"1709";"1624";"1911";"2746";"1575";"1717";"1783";"2527";"1470";"1631";"2310";"3482";"2211";"1970";"2183";"2832";"1883";"2054";"2344";"3442";"1765";"2094"
"Ceará";"2050";"2693";"2058";"1755";"2068";"2902";"1503";"1723";"2040";"2737";"1787";"1726";"2094";"2627";"1976";"1884";"2045";"2783";"1602";"1775";"2148";"2996";"1790";"1832";"2068";"2962";"1687";"1712";"2207";"3182";"1821";"1837";"2030";"2815";"1609";"1766";"2112";"2931";"1868";"1823";"2301";"3034";"2023";"2039"
"Rio Grande do Norte";"2033";"2430";"1842";"1756";"2103";"2388";"2046";"1916";"2196";"2651";"2073";"1905";"2279";"2702";"1917";"2019";"2260";"2689";"1906";"2022";"2145";"2625";"1512";"1905";"2308";"2777";"1824";"2076";"2333";"2745";"1898";"2119";"2346";"2804";"1911";"2118";"2662";"3286";"1826";"2384";"2815";"3521";"2157";"2432"
"Paraíba";"1812";"2318";"1622";"1558";"1828";"2196";"1730";"1607";"2059";"2588";"1994";"1745";"2120";"2575";"2173";"1819";"2024";"2417";"1957";"1793";"2224";"2980";"1624";"1874";"2148";"2908";"1923";"1767";"2158";"2758";"1855";"1882";"2522";"3769";"1498";"1925";"2286";"2852";"1971";"1977";"2408";"3179";"1809";"2042"
"Pernambuco";"2387";"3272";"1997";"1883";"2563";"3404";"2105";"2120";"2722";"3623";"2291";"2311";"2468";"3437";"2041";"2025";"2391";"3334";"2063";"1918";"2205";"3017";"1671";"1821";"2169";"2648";"1871";"1934";"2261";"3086";"1787";"1872";"2055";"2591";"1606";"1841";"2407";"3121";"2041";"2058";"2570";"3343";"2040";"2172"
"Alagoas";"1911";"2428";"1831";"1734";"1925";"2379";"2052";"1762";"2096";"2704";"1904";"1874";"1997";"2565";"1991";"1790";"2009";"2684";"1832";"1783";"1937";"2514";"1715";"1762";"2167";"3068";"1861";"1816";"2024";"2534";"2074";"1835";"2068";"2521";"1766";"1920";"2398";"3289";"1982";"2066";"2389";"3219";"2076";"2087"
"Sergipe";"2192";"2758";"2156";"1975";"2271";"3417";"1958";"1854";"2392";"3140";"2448";"2095";"2259";"3247";"2241";"1946";"2366";"3157";"1940";"2145";"2200";"2896";"1901";"2030";"2300";"2716";"2398";"2164";"2130";"3391";"1550";"1846";"2034";"2637";"1731";"1884";"2330";"2699";"2228";"2206";"2707";"3871";"2304";"2284"
"Bahia";"1949";"2628";"1832";"1763";"2020";"2754";"1826";"1827";"2111";"2687";"1934";"1968";"1978";"2576";"1794";"1849";"1948";"2487";"1741";"1862";"2142";"3236";"1723";"1938";"2026";"2794";"1960";"1813";"2097";"2803";"1789";"2013";"1928";"2501";"1743";"1806";"2187";"3050";"1853";"2074";"2204";"3056";"1844";"2086"
"Minas Gerais";"2611";"3209";"1942";"2149";"2715";"3373";"2112";"2219";"2816";"3500";"2096";"2300";"2719";"3234";"2088";"2366";"2619";"3242";"2081";"2185";"2674";"3305";"2019";"2284";"2673";"3359";"2034";"2271";"2649";"3350";"2152";"2205";"2961";"3650";"2329";"2552";"2923";"3524";"2356";"2563";"3238";"4056";"2559";"2708"
"Espírito Santo";"2732";"3366";"2215";"2293";"2930";"3609";"2449";"2460";"3058";"3774";"2424";"2605";"2999";"3778";"2401";"2498";"2897";"3554";"2295";"2488";"2903";"3638";"2277";"2444";"2832";"3608";"2293";"2391";"2996";"3862";"2435";"2460";"3134";"3917";"2405";"2741";"3259";"4142";"2404";"2829";"3371";"4315";"2661";"2885"
"Rio de Janeiro";"3238";"4158";"2250";"2510";"3355";"4268";"2431";"2633";"3474";"4420";"2518";"2667";"3373";"4325";"2455";"2625";"3503";"4612";"2371";"2698";"3285";"4173";"2541";"2587";"3616";"4555";"2515";"2934";"3701";"4908";"2521";"2766";"3868";"5134";"2499";"2923";"3812";"5003";"2681";"2949";"4039";"5288";"3042";"3143"
"São Paulo";"3898";"4544";"2642";"2631";"4029";"4668";"2871";"2722";"4239";"4933";"2828";"2816";"4036";"4704";"2816";"2681";"4135";"4926";"2771";"2607";"3961";"4719";"2685";"2684";"4070";"4932";"2817";"2676";"3956";"4741";"2637";"2752";"3847";"4642";"2881";"2667";"3964";"4732";"3115";"2903";"4079";"4871";"2938";"3048"
"Paraná";"3224";"3532";"2712";"2351";"3442";"3809";"2819";"2532";"3518";"3872";"2839";"2634";"3266";"3595";"2450";"2498";"3296";"3707";"2247";"2359";"3348";"3727";"2367";"2472";"3402";"3833";"2614";"2501";"3429";"3863";"2377";"2660";"3323";"3705";"2850";"2566";"3779";"4321";"3116";"2712";"3963";"4466";"3457";"2939"
"Santa Catarina";"3280";"3411";"2448";"2394";"3411";"3553";"2399";"2544";"3415";"3511";"2669";"2691";"3346";"3465";"2713";"2489";"3264";"3397";"3130";"2422";"3359";"3509";"2558";"2640";"3349";"3531";"2689";"2602";"3437";"3643";"2870";"2600";"3530";"3749";"2682";"2819";"3793";"4064";"2918";"2966";"4024";"4288";"2920";"3134"
"Rio Grande do Sul";"3240";"3432";"2149";"2213";"3275";"3448";"2412";"2213";"3397";"3629";"2124";"2224";"3324";"3538";"2299";"2232";"3292";"3504";"2426";"2291";"3264";"3519";"2287";"2180";"3308";"3546";"2416";"2358";"3361";"3577";"2474";"2500";"3356";"3650";"2454";"2390";"3657";"3946";"2603";"2745";"3793";"4076";"2587";"2820"
"Mato Grosso do Sul";"3014";"3529";"2600";"2496";"3008";"3573";"2650";"2503";"3180";"3764";"2754";"2679";"2891";"3317";"2566";"2524";"3081";"3681";"2621";"2569";"3054";"3545";"2960";"2610";"3195";"3940";"2610";"2552";"3193";"3906";"2576";"2626";"3326";"4049";"2745";"2830";"3422";"4210";"3155";"2802";"3601";"4409";"2927";"3049"
"Mato Grosso";"3073";"4092";"2429";"2491";"3111";"3795";"2824";"2721";"3247";"4239";"2486";"2752";"2951";"3687";"2557";"2562";"3028";"3929";"2511";"2550";"3051";"3987";"2544";"2610";"3227";"3854";"3121";"2902";"3049";"3873";"2611";"2712";"3485";"4178";"3210";"3097";"3573";"4509";"3081";"3171";"3572";"4631";"3094";"3091"
"Goiás";"2906";"3602";"2272";"2523";"2948";"3568";"2448";"2604";"3058";"3571";"2750";"2708";"2916";"3472";"2336";"2603";"2813";"3542";"2258";"2433";"2948";"3515";"2384";"2672";"2893";"3459";"2261";"2655";"2759";"3218";"2317";"2538";"3139";"4094";"2488";"2610";"3247";"4083";"2536";"2861";"3535";"4497";"2762";"3047"
"Distrito Federal";"5558";"7610";"3440";"4208";"5693";"7339";"4362";"4322";"5680";"7170";"3768";"4691";"5775";"7640";"3640";"4620";"5324";"7547";"3626";"4065";"5440";"7067";"3920";"4249";"5333";"6832";"3342";"4702";"5415";"7015";"3895";"4469";"5202";"7155";"3648";"4142";"5136";"7102";"3941";"3961";"6126";"8161";"3915";"4910"
"Porto Velho (RO)";"3112";"4164";"3243";"2647";"3166";"4076";"2540";"2799";"3190";"3992";"2525";"2975";"2938";"3568";"2564";"2756";"2942";"3927";"3741";"2484";"2967";"3551";"2759";"2788";"3379";"5556";"2602";"2629";"3003";"3626";"2525";"2852";"2955";"3574";"2568";"2874";"3337";"4581";"3016";"2999";"3973";"6266";"3298";"2966"
"Rio Branco (AC)";"3236";"4304";"2405";"2882";"3005";"3939";"2841";"2701";"2968";"3947";"2588";"2696";"3240";"4640";"2453";"2886";"2921";"4271";"2118";"2620";"2692";"3660";"2346";"2434";"2917";"3574";"2678";"2735";"2985";"4411";"2525";"2627";"2898";"4085";"2229";"2643";"3111";"4555";"2522";"2728";"3122";"3979";"2939";"2876"
"Manaus (AM)";"3431";"5330";"2786";"2727";"3292";"5796";"2627";"2569";"3207";"5026";"2709";"2642";"3183";"4382";"3047";"2824";"2855";"4008";"2493";"2532";"3395";"6379";"3404";"2513";"2709";"3858";"2257";"2389";"2835";"3627";"2568";"2638";"3045";"4223";"2640";"2731";"2815";"3669";"2654";"2601";"3167";"4230";"2903";"2920"
"Boa Vista (RR)";"3480";"5028";"3622";"2955";"3572";"4742";"2409";"3304";"3118";"4472";"2786";"2730";"3271";"4508";"3181";"2851";"3326";"4495";"3036";"2972";"3126";"4049";"2910";"2892";"3582";"4962";"2987";"3191";"3151";"4039";"2284";"3030";"3200";"4250";"2753";"2917";"3058";"4132";"2957";"2713";"3596";"4167";"2712";"3588"
"Belém (PA)";"2469";"3016";"3504";"2145";"2739";"3756";"2472";"2455";"2643";"3424";"2498";"2372";"2615";"3656";"1833";"2420";"2601";"3664";"2107";"2332";"2934";"4383";"2052";"2640";"3590";"5578";"2175";"2984";"2981";"4327";"2609";"2572";"3631";"5299";"2838";"3063";"2989";"3835";"2477";"2736";"3716";"6770";"2666";"2790"
"Macapá (AP)";"2912";"3869";"2521";"2677";"3226";"4273";"2182";"3130";"3187";"3697";"3655";"2853";"3343";"3845";"2688";"3317";"3180";"3682";"3337";"2939";"3446";"3604";"3459";"3381";"3061";"3849";"3173";"2834";"2929";"3359";"2703";"2790";"3439";"4356";"3377";"3173";"2967";"3238";"2742";"2924";"3157";"3310";"2938";"3138"
"Palmas (TO)";"4072";"5613";"2567";"3403";"4057";"5199";"2257";"3821";"3847";"4779";"2939";"3607";"3513";"4778";"2356";"3174";"3273";"3797";"3659";"2999";"3522";"4760";"2498";"3153";"3799";"5053";"2647";"3359";"3892";"5501";"2400";"3525";"3970";"5689";"3567";"3186";"3731";"4791";"2933";"3425";"4268";"5370";"3526";"3887"
"São Luís (MA)";"2534";"3312";"2326";"2326";"2280";"2862";"2059";"2121";"1953";"2062";"2093";"1890";"2702";"3301";"2012";"2640";"2816";"3740";"2663";"2524";"2313";"3019";"2104";"2104";"2716";"3835";"1956";"2535";"2403";"2878";"2038";"2327";"2937";"3942";"2489";"2703";"3145";"3924";"2275";"3148";"2912";"3455";"2212";"2873"
"Teresina (PI)";"2246";"2813";"1673";"2175";"2904";"4013";"2028";"2687";"2669";"3656";"2598";"2385";"2668";"4157";"2123";"2335";"2566";"3661";"2068";"2311";"2642";"3863";"2331";"2286";"2581";"3920";"1937";"2414";"2451";"3602";"1743";"2300";"3395";"6333";"2382";"2597";"3157";"4196";"2355";"2950";"3557";"5678";"2276";"3047"
"Fortaleza (CE)";"3127";"4218";"3668";"2551";"3031";"4132";"1724";"2471";"3031";"4096";"2209";"2445";"3060";"3766";"2365";"2815";"3064";"4085";"1968";"2659";"3211";"4616";"2200";"2593";"3088";"4387";"2024";"2460";"3356";"4917";"2617";"2659";"2962";"4342";"2165";"2412";"3033";"4254";"2744";"2398";"3356";"4405";"2686";"2903"
"Natal (RN)";"2596";"3306";"1652";"2130";"3007";"3482";"2341";"2709";"3011";"3711";"2392";"2488";"3261";"3557";"2251";"3151";"3382";"4031";"2337";"2966";"2463";"3128";"1852";"2126";"3251";"4122";"2324";"2731";"3165";"3966";"2187";"2796";"3749";"5022";"2369";"2932";"4033";"5216";"1969";"3520";"4157";"5298";"2658";"3300"
"João Pessoa (PB)";"2844";"3929";"2118";"2272";"3082";"4089";"1963";"2531";"3409";"4401";"2904";"2730";"3632";"4682";"3708";"2826";"3493";"4470";"2529";"2960";"3679";"5449";"2025";"2831";"3752";"5418";"2581";"2813";"3603";"4705";"2546";"3210";"4771";"7331";"2042";"3242";"3714";"4704";"2822";"3066";"3896";"5358";"2351";"3089"
"Recife (PE)";"4221";"6142";"2715";"2822";"4070";"5431";"2909";"2989";"3913";"5911";"2409";"2813";"4379";"5957";"2699";"3277";"4730";"6474";"3088";"3482";"3802";"5839";"2040";"2670";"3446";"4346";"2637";"2930";"3848";"5223";"1820";"3391";"2758";"3770";"1724";"2305";"3765";"5839";"2137";"2791";"3537";"5028";"2062";"2802"
"Maceió (AL)";"2541";"3797";"2596";"2140";"2487";"3521";"2465";"2166";"2890";"3824";"2221";"2511";"2535";"3409";"2557";"2195";"2729";"3917";"2493";"2300";"2516";"3527";"2485";"2155";"2761";"4035";"2340";"2149";"2560";"3502";"1980";"2291";"2583";"3287";"1934";"2373";"2848";"3941";"2312";"2445";"3070";"4403";"2385";"2526"
"Aracaju (SE)";"3691";"4656";"2650";"3423";"3673";"5774";"2940";"2716";"4114";"5341";"4115";"3486";"3936";"5601";"3697";"3295";"4141";"5118";"2460";"4002";"3451";"5163";"2465";"3022";"3860";"5244";"3737";"3501";"3550";"5926";"1890";"2975";"3013";"4424";"1935";"2651";"3384";"3861";"3038";"3254";"4106";"5826";"3296";"3322"
"Salvador (BA)";"3296";"5875";"2250";"3100";"3152";"5047";"2199";"3049";"3596";"5469";"2581";"3515";"3045";"4869";"2238";"2994";"3118";"4593";"2323";"3217";"3647";"6903";"2085";"3834";"3210";"5400";"2464";"3024";"3371";"4922";"2274";"3600";"2836";"4857";"2125";"2543";"2763";"4710";"2288";"2522";"3063";"5329";"2107";"2981"
"Belo Horizonte (MG)";"4533";"5855";"2745";"3406";"4674";"6797";"2588";"3031";"4431";"5696";"2711";"3520";"4366";"6024";"2543";"3200";"3962";"5435";"2762";"2993";"4353";"5781";"2680";"3465";"4110";"5749";"2426";"3150";"3961";"5368";"2931";"3069";"4676";"6268";"2812";"3626";"4202";"5559";"2697";"3498";"4915";"6392";"3710";"3879"
"Vitória (ES)";"4696";"6140";"3339";"3454";"6117";"7819";"3137";"4713";"6505";"8506";"3455";"4751";"6120";"8004";"2917";"4782";"6242";"7866";"3678";"4959";"6022";"7794";"3027";"4985";"5660";"7800";"3037";"4224";"6465";"8881";"3563";"4095";"5519";"6924";"2695";"4602";"6243";"8028";"3154";"4583";"5562";"7227";"3503";"4443"
"Rio de Janeiro (RJ)";"3965";"5167";"2474";"2874";"4303";"5618";"2654";"3118";"4344";"5570";"2858";"3001";"4197";"5470";"2638";"3001";"4735";"6140";"2837";"3319";"4008";"5018";"3127";"3004";"4726";"6049";"2965";"3575";"5002";"6418";"3145";"3521";"5415";"7047";"3233";"3716";"5061";"6443";"3411";"3698";"5411";"7048";"4055";"3832"
"São Paulo (SP)";"4567";"5557";"2634";"2885";"5020";"5997";"3360";"2998";"5619";"6834";"3172";"3046";"5185";"6339";"3063";"2846";"5225";"6456";"3021";"2773";"5195";"6607";"2885";"2984";"5155";"6687";"3128";"2780";"5090";"6487";"2837";"2988";"5221";"7006";"3143";"2793";"5244";"6658";"3846";"3203";"5302";"6798";"3340";"3600"
"Curitiba (PR)";"4618";"5010";"3135";"3341";"4879";"5158";"3458";"3568";"4898";"5188";"4180";"3138";"4653";"4888";"3513";"3341";"4651";"5100";"2921";"2912";"5104";"5651";"3297";"3242";"4763";"5311";"3563";"2957";"5385";"6035";"3104";"3349";"4781";"5168";"3922";"3226";"5914";"6568";"4580";"3762";"6041";"6756";"4105";"3832"
"Florianópolis (SC)";"4421";"4702";"2415";"2409";"4885";"5073";"2767";"3844";"4591";"4798";"3182";"3502";"4615";"4898";"2974";"3065";"4530";"4793";"3090";"3096";"4527";"4801";"2966";"3559";"4510";"4900";"2710";"3350";"5396";"5713";"3620";"4327";"5765";"6287";"3517";"4091";"5987";"6760";"3981";"3501";"6253";"6559";"3448";"4760"
"Porto Alegre (RS)";"5240";"5776";"2695";"3238";"5137";"5581";"2985";"2737";"5586";"6179";"2858";"2845";"4553";"5071";"2425";"2741";"5184";"5838";"2891";"2890";"5311";"6033";"2374";"3144";"5211";"5958";"2592";"3028";"5250";"5871";"2659";"3652";"5033";"5797";"2930";"2631";"5223";"6043";"2886";"2894";"5995";"6646";"3256";"4048"
"Campo Grande (MS)";"3496";"3965";"2884";"3044";"3496";"4286";"2430";"2832";"4066";"5079";"3017";"3151";"3244";"3612";"2434";"2894";"3734";"4360";"3012";"3058";"3384";"4019";"3336";"2734";"3790";"4843";"3044";"2823";"3620";"4446";"2751";"2915";"3753";"4448";"2854";"3321";"3879";"4882";"3557";"2952";"4309";"5396";"3228";"3421"
"Cuiabá (MT)";"3677";"5288";"2368";"3125";"3723";"4682";"3480";"3157";"3899";"5765";"2932";"3159";"3375";"4406";"2859";"2899";"3705";"5542";"2633";"2803";"3261";"4472";"2506";"2950";"4102";"5005";"4252";"3611";"3743";"6070";"2856";"2959";"4392";"6288";"3253";"3542";"3988";"5914";"3029";"3422";"3831";"5305";"3187";"3329"
"Goiânia (GO)";"3895";"4889";"2587";"3136";"3955";"4847";"2862";"3236";"4087";"4635";"3433";"3343";"3799";"4470";"2958";"3162";"3684";"4641";"2324";"3035";"4062";"4825";"2875";"3540";"3761";"4523";"2740";"3303";"3567";"4138";"3019";"3247";"4131";"5494";"3342";"2990";"4290";"5387";"2772";"3606";"4875";"6455";"3057";"3809"
"Brasília (DF)";"5558";"7610";"3440";"4208";"5693";"7339";"4362";"4322";"5680";"7170";"3768";"4691";"5775";"7640";"3640";"4620";"5324";"7547";"3626";"4065";"5440";"7067";"3920";"4249";"5333";"6832";"3342";"4702";"5415";"7015";"3895";"4469";"5202";"7155";"3648";"4142";"5136";"7102";"3941";"3961";"6126";"8161";"3915";"4910"
"Manaus (AM)";"3233";"5086";"2700";"2589";"3127";"5517";"2726";"2458";"3042";"4796";"2642";"2531";"3036";"4316";"2797";"2685";"2716";"3895";"2498";"2400";"3162";"6033";"3118";"2385";"2547";"3738";"2161";"2235";"2691";"3534";"2495";"2490";"2881";"4044";"2521";"2590";"2716";"3552";"2612";"2523";"3010";"4093";"2760";"2780"
"Belém (PA)";"2466";"2920";"2939";"2247";"2566";"3453";"2387";"2299";"2466";"3066";"2528";"2241";"2368";"3133";"1820";"2214";"2453";"3361";"2061";"2247";"2557";"3746";"2064";"2310";"3086";"4690";"2116";"2658";"2659";"3710";"2621";"2302";"3205";"4711";"2605";"2705";"2809";"3853";"2301";"2517";"3152";"5373";"2372";"2517"
"Macapá (AP)";"2824";"3772";"2593";"2584";"3131";"4051";"2162";"3047";"3165";"3637";"3491";"2886";"3220";"3577";"2635";"3211";"3099";"3654";"3192";"2862";"3245";"3603";"3248";"3127";"2927";"3796";"2893";"2706";"2768";"3250";"2661";"2609";"3234";"4059";"3236";"2981";"2882";"3119";"2672";"2846";"3150";"3460";"2982";"3064"
"Grande São Luís (MA)";"2342";"2953";"2238";"2161";"2185";"2671";"2018";"2060";"1963";"2147";"2008";"1899";"2419";"3008";"1919";"2339";"2557";"3496";"2414";"2290";"2210";"2788";"2038";"2054";"2484";"3476";"1812";"2346";"2332";"2840";"1982";"2236";"2632";"3633";"2279";"2402";"2914";"3588";"2349";"2862";"2741";"3310";"2142";"2681"
"Fortaleza (CE)";"2720";"3629";"3183";"2260";"2669";"3776";"1719";"2206";"2633";"3571";"2044";"2189";"2735";"3392";"2451";"2494";"2658";"3602";"1888";"2321";"2817";"4061";"2000";"2354";"2694";"3889";"1982";"2179";"2884";"4148";"2185";"2377";"2561";"3676";"1940";"2189";"2651";"3716";"2426";"2189";"2928";"3972";"2292";"2561"
"Natal (RN)";"2400";"2977";"1929";"2055";"2650";"3066";"2422";"2385";"2694";"3344";"2033";"2311";"2980";"3466";"2136";"2701";"2890";"3511";"2414";"2515";"2461";"3180";"1752";"2102";"2995";"3512";"2049";"2796";"3049";"3803";"2098";"2721";"2999";"3846";"1940";"2638";"3273";"4072";"1920";"2994";"3512";"4422";"2603";"2930"
"João Pessoa (PB)";"2388";"3442";"1690";"1966";"2615";"3418";"1856";"2192";"2858";"3806";"2426";"2311";"3013";"3884";"2998";"2422";"2850";"3814";"2164";"2375";"3027";"4546";"1866";"2424";"3170";"4578";"2331";"2481";"3075";"4006";"2345";"2722";"3801";"5700";"1868";"2735";"3135";"3934";"2667";"2661";"3238";"4506";"2163";"2628"
"Recife (PE)";"3221";"4567";"2501";"2444";"3478";"4740";"2586";"2730";"3621";"5097";"3032";"2972";"3217";"4707";"2635";"2522";"3173";"4658";"2523";"2459";"2781";"4261";"1920";"2154";"2685";"3540";"2076";"2340";"2859";"3949";"1781";"2394";"2476";"3267";"1739";"2184";"2993";"4227";"2061";"2499";"2991";"4060";"2105";"2553"
"Maceió (AL)";"2380";"3537";"2274";"2049";"2323";"3201";"2274";"2059";"2672";"3566";"2173";"2346";"2343";"3255";"2511";"2030";"2537";"3645";"2383";"2164";"2359";"3336";"2270";"2058";"2556";"3781";"2187";"2036";"2360";"3152";"2015";"2117";"2457";"3127";"1815";"2264";"2704";"3644";"2307";"2352";"2893";"4007";"2286";"2467"
"Aracaju (SE)";"3131";"3942";"2588";"2889";"3135";"4923";"2516";"2448";"3440";"4562";"3197";"2985";"3329";"4846";"3078";"2846";"3528";"4669";"2204";"3313";"2968";"4691";"2160";"2644";"3239";"4557";"3065";"2976";"2900";"5155";"1740";"2472";"2674";"3811";"1949";"2458";"3011";"3488";"2756";"2871";"3582";"5282";"2818";"2947"
"Salvador (BA)";"3024";"5097";"2254";"2850";"2927";"4661";"2204";"2796";"3266";"5006";"2537";"3115";"2877";"4596";"2202";"2772";"2906";"4327";"2204";"2961";"3375";"6639";"2048";"3311";"2881";"4818";"2308";"2706";"3094";"4760";"2135";"3231";"2653";"4616";"2044";"2434";"2734";"4432";"2253";"2592";"2886";"5048";"2154";"2759"
"Belo Horizonte (MG)";"3417";"4534";"2393";"2748";"3603";"5254";"2428";"2656";"3502";"4831";"2402";"2777";"3427";"4712";"2409";"2791";"3256";"4566";"2309";"2657";"3425";"4747";"2436";"2791";"3327";"4771";"2388";"2688";"3142";"4291";"2486";"2610";"3741";"5184";"2679";"3017";"3568";"4794";"2592";"3031";"4077";"5541";"3299";"3240"
"Grande Vitória (ES)";"3071";"4102";"2434";"2495";"3480";"4751";"2760";"2771";"3676";"5136";"2775";"2931";"3520";"4864";"2680";"2765";"3293";"4469";"2587";"2736";"3394";"4741";"2410";"2742";"3290";"4570";"2470";"2731";"3529";"5140";"2652";"2701";"3522";"4953";"2552";"2911";"3769";"5118";"2660";"3136";"3914";"5312";"3022";"3265"
"Rio de Janeiro (RJ)";"3350";"4510";"2255";"2534";"3560";"4715";"2422";"2705";"3647";"4863";"2590";"2682";"3559";"4741";"2497";"2702";"3794";"5211";"2435";"2794";"3509";"4608";"2662";"2688";"3922";"5137";"2575";"3062";"4066";"5486";"2724";"2913";"4261";"5793";"2660";"3066";"4115";"5530";"2860";"3077";"4385";"5962";"3227";"3274"
"São Paulo (SP)";"4265";"5204";"2781";"2750";"4509";"5404";"3317";"2902";"4914";"6055";"2912";"3001";"4622";"5745";"2979";"2707";"5027";"6271";"3025";"2780";"4671";"5897";"2781";"2893";"4897";"6393";"3109";"2871";"4603";"5862";"2720";"2898";"4568";"6022";"2972";"2745";"4567";"5809";"3554";"3015";"4535";"5701";"3071";"3285"
"Curitiba (PR)";"3754";"4079";"2883";"2768";"4146";"4453";"3296";"3068";"4097";"4414";"3697";"2802";"3834";"4088";"3190";"2790";"3912";"4297";"2837";"2749";"4126";"4525";"3151";"2834";"3982";"4457";"2944";"2674";"4339";"4899";"2843";"2966";"3897";"4326";"3368";"2748";"4510";"5036";"3767";"3084";"4759";"5410";"3901";"3193"
"Florianópolis (SC)";"3780";"3950";"2464";"2423";"4301";"4435";"2726";"3370";"3976";"4111";"3017";"2943";"3972";"4121";"3372";"2849";"4044";"4137";"4465";"3000";"3978";"4185";"2664";"3371";"3996";"4250";"3116";"3100";"4484";"4724";"3521";"3583";"4480";"4900";"2992";"3394";"4624";"5141";"3043";"3324";"4776";"5048";"3244";"3849"
"Porto Alegre (RS)";"3844";"4055";"2395";"2824";"3703";"3903";"2595";"2483";"3916";"4176";"2426";"2373";"3603";"3833";"2385";"2342";"3674";"3917";"2625";"2386";"3840";"4145";"2289";"2562";"3810";"4109";"2521";"2749";"3880";"4153";"2564";"2951";"3786";"4167";"2714";"2559";"4095";"4485";"2774";"2815";"4097";"4419";"2734";"3080"
"Vale do Rio Cuiabá (MT)";"3353";"4642";"2391";"2919";"3383";"4301";"3088";"2931";"3504";"4885";"2791";"2949";"3105";"4008";"2779";"2702";"3395";"4921";"2537";"2741";"2992";"4028";"2476";"2698";"3665";"4464";"3844";"3282";"3371";"4992";"2768";"2863";"3786";"5492";"3026";"3104";"3554";"5136";"2848";"3108";"3544";"4735";"3140";"3155"
"Goiânia (GO)";"3394";"4325";"2481";"2822";"3361";"4123";"2550";"2865";"3560";"4089";"3097";"3036";"3424";"4005";"2667";"3003";"3130";"4084";"2083";"2647";"3426";"4197";"2515";"3006";"3353";"4101";"2450";"2979";"3090";"3556";"2649";"2854";"3532";"4839";"2933";"2754";"3649";"4606";"2597";"3110";"4246";"5657";"3005";"3392"
"Grande Teresina";"2023";"2537";"1582";"1961";"2534";"3654";"1876";"2311";"2336";"3292";"2339";"2089";"2388";"3760";"1998";"2117";"2315";"3415";"1908";"2085";"2374";"3563";"2112";"2082";"2350";"3531";"1876";"2189";"2295";"3411";"1708";"2145";"3008";"5565";"2193";"2408";"2875";"3956";"2228";"2660";"3195";"5125";"2270";"2757"
"Fonte: IBGE - Pesquisa Nacional por Amostra de Domicílios Contínua anual"

"Tabela 10374 - Rendimento médio mensal real das pessoas de 14 anos ou mais de idade ocupadas na semana de referência com rendimento de trabalho, habitualmente e efetivamente recebidos no trabalho principal e em todos os trabalhos, por cor ou raça"
"Variável - Rendimento médio mensal real das pessoas de 14 anos ou mais de idade ocupadas na semana de referência com rendimento de trabalho, habitualmente recebido em todos os trabalhos (Mil Reais)"
"Brasil, Região Integrada de Desenvolvimento até 2020, Grande Região, Unidade da Federação, Município e Região Metropolitana até 2020";"Ano x Cor ou raça"
"Brasil, Região Integrada de Desenvolvimento até 2020, Grande Região, Unidade da Federação, Município e Região Metropolitana até 2020";"2012";;;;"2013";;;;"2014";;;;"2015";;;;"2016";;;;"2017";;;;"2018";;;;"2019";;;;"2023";;;;"2024";;;;"2025"
"Brasil, Região Integrada de Desenvolvimento até 2020, Grande Região, Unidade da Federação, Município e Região Metropolitana até 2020";"Total";"Branca";"Preta";"Parda";"Total";"Branca";"Preta";"Parda";"Total";"Branca";"Preta";"Parda";"Total";"Branca";"Preta";"Parda";"Total";"Branca";"Preta";"Parda";"Total";"Branca";"Preta";"Parda";"Total";"Branca";"Preta";"Parda";"Total";"Branca";"Preta";"Parda";"Total";"Branca";"Preta";"Parda";"Total";"Branca";"Preta";"Parda";"Total";"Branca";"Preta";"Parda"
"Brasil";"3019";"3845";"2219";"2199";"3116";"3957";"2332";"2282";"3218";"4100";"2365";"2348";"3107";"3947";"2299";"2311";"3206";"4167";"2338";"2303";"3158";"4069";"2299";"2342";"3244";"4221";"2384";"2396";"3219";"4188";"2360";"2397";"3276";"4242";"2446";"2485";"3389";"4353";"2606";"2626";"3584";"4611";"2701";"2763"
"Norte";"2408";"3449";"2319";"2084";"2387";"3552";"2024";"2073";"2427";"3430";"2148";"2169";"2360";"3257";"2049";"2133";"2280";"3098";"2163";"2064";"2327";"3332";"2127";"2059";"2441";"3504";"2064";"2148";"2305";"3152";"2101";"2087";"2593";"3624";"2270";"2344";"2521";"3493";"2260";"2295";"2727";"3866";"2459";"2434"
"Nordeste";"1996";"2697";"1801";"1729";"2077";"2809";"1795";"1806";"2135";"2866";"1936";"1858";"2076";"2797";"1802";"1836";"2105";"2863";"1785";"1858";"2135";"3006";"1730";"1856";"2115";"2839";"1911";"1858";"2143";"2936";"1804";"1894";"2107";"2847";"1774";"1879";"2327";"3121";"1952";"2091";"2416";"3318";"1943";"2139"
"Sudeste";"3451";"4224";"2353";"2466";"3582";"4367";"2549";"2571";"3748";"4595";"2562";"2637";"3607";"4392";"2557";"2609";"3792";"4745";"2595";"2597";"3622";"4518";"2536";"2606";"3772";"4786";"2602";"2670";"3732";"4728";"2608";"2661";"3777";"4744";"2711";"2786";"3812";"4697";"2888";"2938";"4025";"4982";"3034";"3098"
"Sul";"3305";"3527";"2459";"2364";"3402";"3632";"2542";"2465";"3477";"3714";"2435";"2551";"3382";"3624";"2457";"2454";"3422";"3695";"2589";"2424";"3454";"3723";"2512";"2512";"3518";"3827";"2623";"2567";"3542";"3827";"2663";"2725";"3529";"3857";"2730";"2655";"3879";"4251";"3009";"2887";"4084";"4440";"3095";"3094"
"Centro-Oeste";"3509";"4540";"2679";"2849";"3544";"4461";"2982";"2933";"3632";"4474";"2908";"3084";"3513";"4370";"2766";"2983";"3492";"4566";"2785";"2863";"3593";"4417";"2941";"3070";"3593";"4405";"2809";"3182";"3499";"4383";"2843";"3015";"3763";"4883";"3071";"3119";"3823";"4958";"3185";"3209";"4155";"5439";"3197";"3451"
"Rondônia";"2504";"3094";"2422";"2182";"2536";"3039";"2252";"2254";"2551";"2939";"2319";"2389";"2611";"3149";"2170";"2387";"2466";"2894";"2632";"2218";"2548";"2945";"2064";"2416";"2844";"3686";"2259";"2475";"2746";"3192";"2441";"2574";"2916";"3566";"2541";"2697";"3071";"3812";"2984";"2772";"3336";"4280";"2970";"2892"
"Acre";"2718";"3750";"2290";"2386";"2510";"3450";"2440";"2238";"2579";"3581";"2215";"2347";"2648";"4050";"2267";"2329";"2495";"3748";"1848";"2272";"2427";"3610";"2531";"2103";"2558";"3349";"2301";"2342";"2554";"3603";"2109";"2304";"2599";"3555";"2147";"2396";"2652";"3767";"2000";"2431";"2796";"3515";"2629";"2639"
"Amazonas";"2737";"4396";"2239";"2272";"2678";"5003";"2552";"2151";"2680";"4589";"2472";"2220";"2615";"3910";"2495";"2332";"2362";"3498";"2334";"2095";"2675";"5189";"2740";"2083";"2202";"3416";"1695";"1966";"2338";"3293";"2283";"2153";"2549";"3851";"2135";"2311";"2390";"3291";"2372";"2225";"2763";"4004";"2479";"2530"
"Roraima";"3175";"4712";"3160";"2718";"3209";"4223";"2344";"2988";"2918";"4159";"2737";"2581";"3038";"4277";"2882";"2695";"3091";"4293";"2754";"2790";"2959";"3880";"2835";"2723";"3302";"4566";"2797";"2988";"2900";"3872";"2135";"2804";"2992";"3926";"2543";"2766";"2937";"3978";"2777";"2636";"3328";"4024";"2676";"3251"
"Pará";"2143";"2975";"2326";"1892";"2108";"3123";"1863";"1851";"2156";"2930";"1867";"1987";"2019";"2750";"1857";"1837";"2039";"2746";"1939";"1880";"1976";"2609";"1911";"1815";"2292";"3292";"1883";"2020";"2045";"2875";"1962";"1823";"2407";"3450";"2098";"2149";"2327";"3353";"2055";"2100";"2404";"3689";"2214";"2088"
"Amapá";"2652";"3581";"2451";"2450";"2907";"3800";"2113";"2808";"2964";"3444";"3191";"2730";"3036";"3469";"2528";"2995";"2981";"3626";"3154";"2729";"3143";"3529";"3290";"3012";"2819";"3673";"2759";"2626";"2607";"3064";"2606";"2464";"3112";"3882";"3261";"2859";"2806";"2994";"2564";"2803";"3077";"3396";"3162";"2942"
"Tocantins";"2448";"3618";"1937";"2066";"2413";"3430";"1765";"2201";"2600";"3700";"2249";"2316";"2633";"3827";"1989";"2338";"2432";"3235";"2080";"2221";"2497";"3233";"1964";"2296";"2770";"3863";"2445";"2408";"2600";"3738";"2019";"2314";"2882";"3916";"2429";"2645";"2856";"3964";"2390";"2589";"3107";"4048";"2665";"2880"
"Maranhão";"1563";"2051";"1431";"1443";"1665";"2074";"1361";"1594";"1593";"2090";"1531";"1467";"1612";"2114";"1409";"1516";"1698";"2317";"1524";"1551";"1727";"2461";"1487";"1559";"1800";"2321";"1543";"1705";"1796";"2355";"1637";"1654";"1907";"2460";"1814";"1770";"2110";"2695";"1818";"2017";"2139";"2963";"1852";"1958"
"Piauí";"1625";"2023";"1288";"1552";"1901";"2630";"1684";"1697";"1781";"2354";"1971";"1587";"1874";"3061";"1564";"1602";"1943";"2892";"1688";"1674";"1834";"2585";"1725";"1613";"1968";"2891";"1638";"1747";"1770";"2493";"1504";"1616";"2373";"3518";"2329";"2029";"2202";"2859";"1987";"2053";"2398";"3526";"1775";"2147"
"Ceará";"2060";"2744";"2029";"1749";"2057";"2897";"1483";"1710";"2028";"2722";"1760";"1714";"2097";"2638";"1949";"1885";"2098";"2849";"1592";"1828";"2209";"3045";"1909";"1894";"2103";"3009";"1680";"1746";"2234";"3240";"1868";"1847";"2111";"3083";"1618";"1783";"2158";"3029";"1872";"1855";"2350";"3049";"2069";"2103"
"Rio Grande do Norte";"2045";"2451";"1916";"1759";"2092";"2393";"2016";"1896";"2190";"2664";"2194";"1875";"2299";"2726";"1909";"2040";"2352";"2796";"1962";"2107";"2160";"2661";"1448";"1917";"2371";"2872";"1898";"2116";"2409";"2833";"1878";"2200";"2418";"2871";"1944";"2204";"2792";"3408";"1986";"2518";"2950";"3757";"2156";"2516"
"Paraíba";"1814";"2318";"1662";"1560";"1843";"2250";"1760";"1598";"2062";"2627";"1955";"1729";"2111";"2562";"2166";"1812";"2071";"2449";"1989";"1852";"2346";"3156";"1795";"1961";"2221";"3007";"1977";"1829";"2242";"2891";"1926";"1935";"2507";"3665";"1496";"1963";"2394";"3017";"2094";"2050";"2431";"3164";"1881";"2080"
"Pernambuco";"2435";"3326";"2048";"1928";"2632";"3531";"2140";"2161";"2737";"3670";"2279";"2312";"2486";"3463";"2029";"2041";"2513";"3560";"2177";"1985";"2277";"3121";"1751";"1876";"2237";"2740";"1999";"1980";"2335";"3155";"1834";"1953";"2101";"2642";"1649";"1887";"2511";"3283";"2137";"2127";"2679";"3558";"2138";"2217"
"Alagoas";"1938";"2496";"1877";"1746";"1930";"2380";"2047";"1768";"2212";"3143";"1903";"1874";"1999";"2563";"2021";"1792";"2027";"2693";"1836";"1805";"1950";"2533";"1756";"1769";"2201";"3139";"1873";"1834";"2045";"2544";"2074";"1863";"2099";"2564";"1787";"1945";"2447";"3378";"2016";"2099";"2461";"3317";"2122";"2150"
"Sergipe";"2284";"2870";"2631";"2001";"2286";"3456";"2009";"1855";"2405";"3160";"2454";"2105";"2280";"3290";"2267";"1960";"2419";"3247";"2007";"2182";"2244";"2948";"1978";"2063";"2368";"2823";"2596";"2203";"2167";"3439";"1569";"1882";"2106";"2828";"1744";"1929";"2440";"2823";"2345";"2310";"2744";"3885";"2411";"2313"
"Bahia";"1963";"2701";"1803";"1772";"2021";"2751";"1849";"1822";"2086";"2731";"1933";"1910";"1979";"2609";"1786";"1844";"1988";"2558";"1779";"1894";"2187";"3364";"1755";"1960";"2063";"2817";"1993";"1847";"2109";"2830";"1840";"2003";"1966";"2566";"1771";"1844";"2264";"3161";"1889";"2157";"2238";"3141";"1853";"2109"
"Minas Gerais";"2671";"3300";"2001";"2181";"2762";"3433";"2159";"2254";"2865";"3560";"2128";"2344";"2809";"3342";"2171";"2441";"2758";"3432";"2207";"2285";"2729";"3395";"2050";"2310";"2773";"3499";"2118";"2340";"2742";"3469";"2254";"2274";"3101";"3864";"2430";"2646";"3036";"3702";"2413";"2636";"3390";"4253";"2617";"2851"
"Espírito Santo";"2755";"3405";"2249";"2299";"2934";"3613";"2441";"2464";"3075";"3798";"2418";"2621";"3028";"3830";"2447";"2503";"2953";"3626";"2366";"2527";"3002";"3741";"2448";"2521";"2894";"3689";"2337";"2445";"3116";"4061";"2499";"2533";"3228";"4076";"2424";"2806";"3365";"4293";"2482";"2907";"3493";"4423";"2754";"3024"
"Rio de Janeiro";"3281";"4217";"2260";"2547";"3373";"4278";"2453";"2657";"3503";"4460";"2538";"2685";"3420";"4377";"2496";"2668";"3599";"4737";"2445";"2771";"3367";"4279";"2629";"2639";"3776";"4781";"2644";"3029";"3940";"5290";"2643";"2884";"4032";"5343";"2577";"3075";"3980";"5209";"2801";"3098";"4195";"5512";"3147";"3247"
"São Paulo";"3918";"4557";"2688";"2653";"4075";"4713";"2893";"2774";"4281";"4984";"2883";"2830";"4088";"4763";"2871";"2716";"4376";"5194";"3013";"2737";"4158";"4967";"2820";"2798";"4284";"5229";"2948";"2761";"4150";"4995";"2813";"2844";"4036";"4891";"2996";"2767";"4139";"4910";"3276";"3063";"4291";"5103";"3250";"3201"
"Paraná";"3280";"3604";"2787";"2364";"3451";"3817";"2798";"2542";"3527";"3886";"2817";"2634";"3317";"3663";"2474";"2513";"3413";"3859";"2324";"2405";"3484";"3863";"2504";"2549";"3533";"3993";"2705";"2567";"3551";"3988";"2500";"2779";"3492";"3925";"2948";"2634";"3892";"4427";"3406";"2805";"4136";"4655";"3554";"3092"
"Santa Catarina";"3352";"3486";"2509";"2444";"3446";"3595";"2399";"2535";"3448";"3546";"2670";"2715";"3429";"3553";"2765";"2531";"3398";"3539";"3254";"2504";"3499";"3649";"2646";"2788";"3527";"3714";"2816";"2743";"3625";"3849";"3007";"2720";"3641";"3870";"2733";"2901";"3913";"4191";"2949";"3084";"4163";"4435";"3017";"3252"
"Rio Grande do Sul";"3301";"3488";"2210";"2314";"3325";"3508";"2418";"2203";"3444";"3683";"2133";"2241";"3415";"3639";"2348";"2273";"3446";"3664";"2553";"2412";"3394";"3657";"2472";"2246";"3496";"3764";"2498";"2420";"3476";"3685";"2654";"2609";"3485";"3787";"2571";"2486";"3840";"4145";"2728";"2866";"3969";"4258";"2748";"2949"
"Mato Grosso do Sul";"3103";"3632";"2743";"2562";"3029";"3601";"2735";"2512";"3185";"3744";"2744";"2704";"2922";"3323";"2660";"2569";"3230";"3819";"2767";"2727";"3163";"3698";"3047";"2680";"3284";"4080";"2692";"2592";"3279";"3927";"2574";"2771";"3444";"4184";"2842";"2935";"3584";"4384";"3453";"2924";"3766";"4635";"3063";"3171"
"Mato Grosso";"3111";"4148";"2453";"2521";"3154";"3816";"2832";"2786";"3281";"4277";"2592";"2774";"2962";"3696";"2579";"2573";"3110";"4053";"2597";"2606";"3150";"4115";"2645";"2691";"3340";"3965";"3191";"3027";"3184";"4059";"2788";"2816";"3595";"4353";"3368";"3163";"3675";"4636";"3194";"3259";"3667";"4758";"3285";"3150"
"Goiás";"2931";"3643";"2307";"2539";"2939";"3527";"2398";"2623";"3057";"3561";"2756";"2715";"2971";"3535";"2464";"2643";"2900";"3671";"2338";"2493";"3039";"3588";"2473";"2776";"3034";"3600";"2350";"2808";"2836";"3347";"2398";"2581";"3264";"4300";"2574";"2691";"3344";"4226";"2642";"2923";"3619";"4636";"2783";"3102"
"Distrito Federal";"5658";"7720";"3428";"4323";"5813";"7531";"4468";"4376";"5830";"7404";"3795";"4789";"5943";"7914";"3647";"4733";"5536";"7858";"3808";"4217";"5806";"7473";"4037";"4632";"5514";"7085";"3414";"4852";"5701";"7408";"4002";"4713";"5532";"7592";"3880";"4412";"5515";"7661";"4341";"4205";"6458";"8646";"4041";"5159"
"Porto Velho (RO)";"3129";"4229";"3194";"2653";"3125";"3950";"2529";"2790";"3201";"4009";"2531";"2984";"2983";"3618";"2725";"2789";"2985";"3964";"3771";"2528";"2964";"3568";"2752";"2778";"3447";"5730";"2582";"2671";"3064";"3627";"2589";"2919";"2982";"3614";"2570";"2902";"3350";"4592";"3026";"3015";"3998";"6294";"3307";"2992"
"Rio Branco (AC)";"3377";"4683";"2570";"2933";"3011";"3950";"2784";"2711";"2995";"3956";"2620";"2723";"3243";"4696";"2409";"2878";"2983";"4526";"2070";"2646";"2772";"4017";"2460";"2421";"2998";"3750";"2722";"2787";"3033";"4563";"2595";"2647";"2961";"4195";"2299";"2690";"3169";"4679";"2592";"2766";"3226";"4016";"3013";"3009"
"Manaus (AM)";"3413";"5287";"2826";"2715";"3266";"5709";"2702";"2555";"3237";"5079";"2719";"2666";"3188";"4338";"3089";"2842";"2944";"4078";"2717";"2619";"3474";"6532";"3393";"2575";"2751";"3942";"2280";"2420";"2860";"3677";"2543";"2660";"3111";"4304";"2668";"2796";"2881";"3753";"2747";"2663";"3323";"4551";"3007";"3040"
"Boa Vista (RR)";"3508";"5103";"3613";"2969";"3594";"4755";"2419";"3332";"3112";"4464";"2791";"2727";"3367";"4681";"3113";"2940";"3370";"4545";"3071";"3024";"3244";"4301";"2973";"2963";"3665";"5042";"2980";"3298";"3148";"4141";"2303";"2983";"3212";"4205";"2801";"2951";"3182";"4308";"3016";"2819";"3688";"4268";"2911";"3654"
"Belém (PA)";"2513";"3030";"3678";"2185";"2770";"3904";"2491";"2451";"2617";"3409";"2291";"2366";"2659";"3669";"1799";"2487";"2709";"3692";"2182";"2471";"3039";"4568";"2089";"2724";"3881";"5588";"2269";"3087";"3101";"4468";"2627";"2703";"3809";"5438";"3140";"3227";"3142";"4056";"2566";"2874";"3833";"7014";"2572";"2901"
"Macapá (AP)";"2881";"3797";"2530";"2654";"3229";"4310";"2243";"3105";"3208";"3735";"3668";"2868";"3396";"3900";"2751";"3367";"3264";"3732";"3422";"3033";"3584";"3724";"3642";"3518";"3101";"3850";"3206";"2888";"2983";"3368";"2728";"2861";"3537";"4391";"3542";"3261";"3004";"3314";"2795";"2942";"3215";"3375";"2957";"3202"
"Palmas (TO)";"4261";"6116";"2571";"3430";"4126";"5255";"2320";"3896";"3916";"4775";"2964";"3720";"3523";"4767";"2377";"3191";"3334";"3832";"3652";"3073";"3551";"4761";"2535";"3192";"4103";"5366";"2953";"3624";"4123";"5753";"2432";"3706";"4184";"5963";"3806";"3363";"3900";"5035";"2825";"3642";"4554";"5619";"3845";"4158"
"São Luís (MA)";"2573";"3372";"2393";"2354";"2315";"2894";"2115";"2154";"1969";"2075";"2106";"1908";"2733";"3317";"2036";"2677";"2859";"3859";"2690";"2543";"2389";"3113";"2184";"2174";"2756";"3969";"1998";"2540";"2479";"2930";"2139";"2396";"2526";"2861";"2397";"2459";"3120";"3968";"2313";"3076";"2943";"3487";"2226";"2913"
"Teresina (PI)";"2288";"2823";"1737";"2222";"2979";"4077";"2113";"2764";"2684";"3767";"2683";"2359";"2748";"4488";"2162";"2352";"2692";"3778";"2196";"2440";"2697";"3941";"2407";"2329";"2730";"4130";"2053";"2557";"2466";"3552";"1794";"2325";"3524";"6337";"2604";"2747";"3180";"4333";"2286";"2953";"3673";"5837";"2422";"3140"
"Fortaleza (CE)";"3164";"4319";"3692";"2557";"3049";"4149";"1726";"2491";"3035";"4093";"2182";"2453";"3073";"3814";"2316";"2818";"3172";"4203";"2006";"2770";"3349";"4717";"2485";"2734";"3169";"4476";"2080";"2543";"3437";"5033";"2766";"2712";"3206";"5066";"2209";"2454";"3131";"4410";"2805";"2473";"3437";"4386";"2712";"3044"
"Natal (RN)";"2619";"3350";"1694";"2137";"3039";"3495";"2376";"2756";"3068";"3813";"2670";"2485";"3395";"3687";"2257";"3307";"3615";"4312";"2537";"3163";"2519";"3199";"1830";"2184";"3301";"4246";"2277";"2738";"3285";"4118";"2226";"2907";"3833";"5108";"2470";"3011";"4130";"5295";"2000";"3651";"4563";"6007";"2736";"3462"
"João Pessoa (PB)";"2856";"3922";"2124";"2297";"3180";"4315";"2006";"2557";"3430";"4441";"2921";"2738";"3670";"4706";"3754";"2873";"3639";"4581";"2525";"3153";"3927";"5849";"2156";"3007";"3901";"5623";"2660";"2935";"3823";"5110";"2649";"3322";"4756";"7237";"2052";"3280";"3981";"5021";"3183";"3278";"3908";"5327";"2475";"3115"
"Recife (PE)";"4283";"6231";"2768";"2867";"4282";"5699";"3075";"3158";"3948";"6089";"2382";"2764";"4408";"6002";"2731";"3291";"5141";"7126";"3310";"3718";"3970";"6141";"2154";"2754";"3603";"4591";"2914";"3000";"4005";"5365";"1866";"3612";"2833";"3858";"1796";"2373";"3957";"6136";"2318";"2907";"3789";"5517";"2249";"2880"
"Maceió (AL)";"2557";"3808";"2612";"2157";"2512";"3542";"2469";"2193";"3202";"4823";"2209";"2524";"2558";"3428";"2628";"2214";"2777";"3962";"2501";"2351";"2558";"3604";"2544";"2184";"2800";"4070";"2420";"2186";"2594";"3549";"2016";"2321";"2685";"3415";"2020";"2459";"2918";"4085";"2357";"2483";"3207";"4592";"2458";"2648"
"Aracaju (SE)";"3943";"4866";"3896";"3506";"3699";"5817";"2974";"2733";"4157";"5365";"4142";"3539";"4018";"5726";"3736";"3367";"4270";"5351";"2516";"4100";"3597";"5335";"2689";"3140";"4104";"5601";"4123";"3695";"3631";"6072";"1846";"3056";"3194";"4896";"2025";"2728";"3626";"4172";"3256";"3476";"4247";"5973";"3619";"3406"
"Salvador (BA)";"3391";"6279";"2235";"3163";"3229";"5065";"2273";"3147";"3561";"5761";"2629";"3311";"3045";"4963";"2207";"2984";"3203";"4776";"2431";"3250";"3809";"7484";"2199";"3877";"3308";"5654";"2487";"3124";"3306";"4913";"2410";"3346";"2941";"5030";"2190";"2655";"2844";"4879";"2307";"2611";"3097";"5370";"2103";"3041"
"Belo Horizonte (MG)";"4648";"6023";"2764";"3482";"4690";"6823";"2591";"3048";"4536";"5821";"2733";"3629";"4517";"6348";"2568";"3217";"4261";"5976";"2905";"3121";"4427";"5928";"2742";"3466";"4367";"6214";"2551";"3267";"4165";"5761";"3060";"3139";"4912";"6604";"2928";"3808";"4491";"6052";"2859";"3649";"5293";"6740";"3875";"4359"
"Vitória (ES)";"4734";"6212";"3366";"3456";"6169";"7825";"3173";"4818";"6579";"8620";"3461";"4791";"6256";"8189";"3012";"4874";"6567";"8336";"3710";"5189";"6213";"8019";"3305";"5105";"5898";"8155";"3083";"4409";"6972";"9732";"3746";"4246";"5920";"7376";"2772";"5015";"6484";"8464";"3233";"4557";"5952";"7762";"3740";"4722"
"Rio de Janeiro (RJ)";"4003";"5219";"2496";"2897";"4321";"5627";"2676";"3146";"4373";"5612";"2864";"3018";"4242";"5507";"2667";"3060";"4838";"6283";"2876";"3385";"4109";"5170";"3249";"3035";"4992";"6400";"3234";"3720";"5380";"7001";"3276";"3672";"5716";"7399";"3382";"4010";"5251";"6659";"3579";"3856";"5684";"7444";"4144";"4036"
"São Paulo (SP)";"4546";"5522";"2659";"2878";"5033";"6027";"3317";"2987";"5673";"6902";"3239";"3052";"5222";"6377";"3055";"2876";"5464";"6753";"3169";"2893";"5547";"7132";"3010";"3094";"5464";"7111";"3392";"2898";"5240";"6730";"3010";"2949";"5406";"7286";"3220";"2856";"5418";"6797";"4062";"3390";"5533";"7015";"3978";"3739"
"Curitiba (PR)";"4648";"5043";"3138";"3367";"4935";"5216";"3489";"3616";"4917";"5205";"4221";"3160";"4779";"5016";"3643";"3464";"4794";"5294";"3030";"2905";"5343";"5940";"3470";"3280";"5072";"5623";"3909";"3213";"5542";"6195";"3308";"3490";"5006";"5405";"4193";"3351";"6188";"6880";"4716";"3868";"6281";"6987";"4362";"4121"
"Florianópolis (SC)";"4435";"4713";"2422";"2424";"4876";"5085";"2774";"3519";"4660";"4880";"3157";"3512";"4778";"5073";"3080";"3095";"4835";"5135";"3283";"3163";"4898";"5230";"3010";"3742";"4738";"5094";"2792";"3755";"6242";"6777";"3577";"4251";"5760";"6270";"3594";"4090";"6098";"6819";"3944";"3969";"6534";"6840";"3498";"5178"
"Porto Alegre (RS)";"5352";"5908";"2714";"3288";"5321";"5811";"2893";"2734";"5654";"6246";"2907";"2941";"4793";"5343";"2597";"2804";"5478";"6164";"3043";"3082";"5566";"6329";"2559";"3161";"5513";"6329";"2749";"2976";"5448";"6085";"2945";"3653";"5322";"6084";"3187";"2969";"5584";"6461";"3091";"2938";"6412";"7078";"3372";"4485"
"Campo Grande (MS)";"3529";"4013";"2938";"3056";"3498";"4300";"2438";"2819";"4102";"5119";"3062";"3182";"3290";"3623";"2551";"2962";"3927";"4578";"3093";"3237";"3509";"4160";"3472";"2846";"3907";"5022";"3135";"2881";"3667";"4389";"2728";"3035";"3812";"4523";"2794";"3400";"4046";"5109";"3608";"3086";"4580";"5776";"3313";"3625"
"Cuiabá (MT)";"3695";"5301";"2369";"3150";"3752";"4710";"3495";"3190";"3947";"5829";"2920";"3212";"3410";"4450";"2895";"2929";"3804";"5806";"2669";"2822";"3430";"4705";"2621";"3102";"4170";"5100";"4202";"3704";"3927";"6387";"2907";"3138";"4660";"7005";"3444";"3573";"4090";"6016";"3124";"3528";"3936";"5432";"3353";"3409"
"Goiânia (GO)";"3931";"4948";"2581";"3157";"3952";"4755";"2724";"3355";"4112";"4664";"3469";"3357";"3865";"4546";"2981";"3222";"3802";"4764";"2501";"3122";"4181";"4947";"2991";"3661";"3881";"4595";"2717";"3491";"3694";"4335";"3052";"3335";"4281";"5695";"3599";"3071";"4518";"5679";"2956";"3766";"4920";"6520";"3035";"3849"
"Brasília (DF)";"5658";"7720";"3428";"4323";"5813";"7531";"4468";"4376";"5830";"7404";"3795";"4789";"5943";"7914";"3647";"4733";"5536";"7858";"3808";"4217";"5806";"7473";"4037";"4632";"5514";"7085";"3414";"4852";"5701";"7408";"4002";"4713";"5532";"7592";"3880";"4412";"5515";"7661";"4341";"4205";"6458";"8646";"4041";"5159"
"Manaus (AM)";"3211";"5047";"2736";"2571";"3098";"5436";"2798";"2439";"3060";"4844";"2652";"2541";"3043";"4275";"2833";"2704";"2795";"3962";"2712";"2477";"3226";"6167";"3170";"2432";"2575";"3803";"2128";"2256";"2733";"3607";"2493";"2528";"2937";"4119";"2542";"2643";"2775";"3628";"2695";"2577";"3140";"4375";"2858";"2878"
"Belém (PA)";"2478";"2924";"3010";"2255";"2590";"3533";"2403";"2306";"2427";"3038";"2329";"2219";"2398";"3156";"1784";"2257";"2613";"3535";"2141";"2414";"2644";"3892";"2086";"2385";"3294";"4717";"2182";"2739";"2764";"3860";"2642";"2407";"3359";"4888";"2844";"2833";"2928";"3990";"2370";"2641";"3241";"5553";"2314";"2602"
"Macapá (AP)";"2805";"3724";"2590";"2572";"3134";"4082";"2219";"3027";"3186";"3664";"3489";"2908";"3260";"3613";"2688";"3251";"3167";"3697";"3269";"2935";"3356";"3705";"3383";"3238";"2979";"3834";"2920";"2767";"2819";"3267";"2685";"2672";"3323";"4114";"3379";"3059";"2914";"3176";"2724";"2865";"3210";"3535";"3001";"3125"
"Grande São Luís (MA)";"2371";"2995";"2295";"2181";"2213";"2699";"2067";"2085";"1975";"2164";"2015";"1911";"2435";"3022";"1926";"2357";"2593";"3596";"2455";"2306";"2274";"2861";"2106";"2116";"2512";"3589";"1839";"2347";"2390";"2894";"2071";"2282";"2321";"2696";"2208";"2235";"2908";"3627";"2384";"2829";"2759";"3309";"2189";"2704"
"Fortaleza (CE)";"2756";"3727";"3208";"2268";"2679";"3789";"1714";"2215";"2632";"3557";"2012";"2194";"2746";"3421";"2412";"2500";"2746";"3714";"1924";"2402";"2958";"4162";"2219";"2507";"2754";"3963";"1978";"2242";"2943";"4234";"2296";"2416";"2719";"4205";"1974";"2213";"2742";"3850";"2481";"2267";"2997";"3965";"2315";"2669"
"Natal (RN)";"2414";"3012";"1963";"2054";"2667";"3111";"2382";"2388";"2719";"3399";"2180";"2302";"3057";"3539";"2132";"2792";"3018";"3677";"2510";"2620";"2503";"3252";"1720";"2136";"3074";"3612";"2172";"2852";"3190";"3975";"2075";"2871";"3115";"3935";"1998";"2793";"3476";"4282";"2161";"3193";"3769";"4844";"2584";"3092"
"João Pessoa (PB)";"2401";"3448";"1675";"1988";"2687";"3592";"1873";"2210";"2869";"3839";"2406";"2311";"3033";"3914";"2961";"2442";"2956";"3910";"2167";"2503";"3243";"4893";"1981";"2593";"3295";"4757";"2384";"2588";"3242";"4295";"2466";"2814";"3808";"5641";"1879";"2785";"3346";"4187";"2914";"2839";"3241";"4468";"2239";"2648"
"Recife (PE)";"3287";"4639";"2577";"2506";"3627";"4990";"2672";"2817";"3671";"5212";"3009";"2999";"3254";"4764";"2641";"2551";"3375";"5051";"2626";"2573";"2909";"4459";"2058";"2241";"2784";"3690";"2202";"2410";"2969";"4046";"1819";"2531";"2542";"3359";"1793";"2239";"3153";"4466";"2231";"2605";"3142";"4352";"2229";"2623"
"Maceió (AL)";"2395";"3551";"2287";"2064";"2343";"3222";"2278";"2079";"2927";"4458";"2163";"2356";"2367";"3278";"2574";"2050";"2575";"3684";"2401";"2201";"2398";"3404";"2323";"2087";"2594";"3812";"2250";"2074";"2398";"3191";"2053";"2155";"2526";"3210";"1862";"2325";"2778";"3798";"2339";"2398";"3019";"4186";"2358";"2577"
"Aracaju (SE)";"3305";"4100";"3391";"2945";"3174";"4983";"2631";"2466";"3475";"4592";"3226";"3022";"3390";"4944";"3107";"2900";"3635";"4881";"2270";"3391";"3084";"4830";"2296";"2743";"3430";"4857";"3397";"3124";"2965";"5282";"1785";"2523";"2802";"4193";"1988";"2520";"3201";"3708";"2939";"3053";"3675";"5389";"3012";"3005"
"Salvador (BA)";"3095";"5412";"2233";"2903";"2966";"4639";"2256";"2847";"3237";"5242";"2572";"2961";"2874";"4701";"2178";"2750";"2984";"4465";"2305";"3003";"3501";"7054";"2146";"3353";"2976";"5053";"2350";"2795";"3083";"4885";"2239";"3070";"2750";"4800";"2117";"2522";"2816";"4594";"2288";"2677";"2918";"5091";"2147";"2814"
"Belo Horizonte (MG)";"3503";"4675";"2450";"2796";"3634";"5302";"2477";"2673";"3586";"4905";"2405";"2887";"3576";"4947";"2541";"2885";"3443";"4914";"2431";"2757";"3507";"4844";"2492";"2859";"3476";"5037";"2499";"2773";"3308";"4557";"2659";"2712";"3967";"5526";"2822";"3191";"3766";"5139";"2711";"3154";"4334";"5790";"3490";"3526"
"Grande Vitória (ES)";"3119";"4172";"2485";"2524";"3496";"4762";"2761";"2792";"3705";"5143";"2771";"2983";"3578";"4988";"2754";"2771";"3383";"4614";"2676";"2793";"3546";"4898";"2665";"2868";"3405";"4729";"2538";"2834";"3731";"5542";"2736";"2807";"3691";"5275";"2626";"3012";"3919";"5347";"2739";"3248";"4124";"5603";"3114";"3456"
"Rio de Janeiro (RJ)";"3388";"4563";"2273";"2562";"3578";"4725";"2438";"2732";"3681";"4911";"2612";"2704";"3607";"4792";"2541";"2746";"3895";"5348";"2501";"2869";"3586";"4716";"2743";"2731";"4102";"5388";"2736";"3166";"4352";"5961";"2842";"3042";"4461";"6054";"2742";"3246";"4294";"5759";"2994";"3220";"4568";"6228";"3338";"3404"
"São Paulo (SP)";"4260";"5185";"2819";"2761";"4547";"5439";"3297";"2960";"4973";"6135";"2945";"3017";"4698";"5826";"3034";"2772";"5322";"6612";"3310";"2899";"4924";"6249";"2913";"3007";"5154";"6777";"3243";"2964";"4774";"6115";"2913";"2931";"4753";"6276";"3076";"2839";"4740";"5953";"3738";"3204";"4757";"5934";"3501";"3436"
"Curitiba (PR)";"3793";"4134";"2888";"2758";"4202";"4523";"3258";"3087";"4093";"4414";"3543";"2804";"3921";"4175";"3265";"2872";"4036";"4468";"2865";"2765";"4302";"4738";"3278";"2881";"4202";"4699";"3070";"2827";"4469";"5036";"2943";"3082";"4058";"4500";"3541";"2846";"4686";"5236";"3889";"3179";"4961";"5626";"3944";"3386"
"Florianópolis (SC)";"3805";"3970";"2428";"2540";"4313";"4462";"2752";"3142";"4019";"4162";"3001";"2939";"4123";"4290";"3357";"2885";"4244";"4338";"4614";"3231";"4244";"4469";"2771";"3630";"4167";"4418";"3169";"3296";"4973";"5331";"3638";"3563";"4519";"4923";"3067";"3473";"4724";"5223";"3015";"3584";"4993";"5284";"3307";"4074"
"Porto Alegre (RS)";"3915";"4129";"2413";"2919";"3774";"3988";"2564";"2489";"3951";"4211";"2447";"2432";"3713";"3950";"2516";"2365";"3838";"4091";"2763";"2481";"3994";"4306";"2488";"2619";"4006";"4327";"2665";"2817";"4060";"4323";"2804";"3128";"4032";"4425";"2929";"2774";"4323";"4719";"2914";"3034";"4355";"4676";"2905";"3354"
"Vale do Rio Cuiabá (MT)";"3385";"4663";"2398";"2959";"3406";"4310";"3099";"2963";"3546";"4924";"2786";"3000";"3143";"4059";"2815";"2732";"3485";"5150";"2573";"2772";"3136";"4222";"2563";"2831";"3759";"4566";"3855";"3397";"3530";"5241";"3068";"2953";"3991";"6039";"3170";"3157";"3659";"5256";"2981";"3200";"3645";"4874";"3268";"3234"
"Goiânia (GO)";"3421";"4373";"2496";"2835";"3357";"4066";"2451";"2920";"3555";"4084";"3147";"3024";"3462";"4051";"2713";"3034";"3212";"4181";"2203";"2703";"3512";"4276";"2651";"3092";"3483";"4209";"2482";"3147";"3183";"3731";"2767";"2879";"3651";"4975";"3118";"2850";"3787";"4827";"2697";"3181";"4263";"5693";"3031";"3391"
"Grande Teresina";"2053";"2550";"1634";"1993";"2585";"3697";"1932";"2364";"2342";"3387";"2403";"2062";"2445";"4042";"2019";"2125";"2405";"3506";"2006";"2173";"2409";"3629";"2145";"2109";"2460";"3679";"1977";"2294";"2310";"3381";"1744";"2168";"3111";"5571";"2361";"2526";"2899";"4078";"2174";"2670";"3297";"5259";"2396";"2843"
"Fonte: IBGE - Pesquisa Nacional por Amostra de Domicílios Contínua anual"

"Tabela 10374 - Rendimento médio mensal real das pessoas de 14 anos ou mais de idade ocupadas na semana de referência com rendimento de trabalho, habitualmente e efetivamente recebidos no trabalho principal e em todos os trabalhos, por cor ou raça"
"Variável - Rendimento médio mensal real das pessoas de 14 anos ou mais de idade ocupadas na semana de referência com rendimento de trabalho, efetivamente recebido no trabalho principal (Mil Reais)"
"Brasil, Região Integrada de Desenvolvimento até 2020, Grande Região, Unidade da Federação, Município e Região Metropolitana até 2020";"Ano x Cor ou raça"
"Brasil, Região Integrada de Desenvolvimento até 2020, Grande Região, Unidade da Federação, Município e Região Metropolitana até 2020";"2012";;;;"2013";;;;"2014";;;;"2015";;;;"2016";;;;"2017";;;;"2018";;;;"2019";;;;"2023";;;;"2024";;;;"2025"
"Brasil, Região Integrada de Desenvolvimento até 2020, Grande Região, Unidade da Federação, Município e Região Metropolitana até 2020";"Total";"Branca";"Preta";"Parda";"Total";"Branca";"Preta";"Parda";"Total";"Branca";"Preta";"Parda";"Total";"Branca";"Preta";"Parda";"Total";"Branca";"Preta";"Parda";"Total";"Branca";"Preta";"Parda";"Total";"Branca";"Preta";"Parda";"Total";"Branca";"Preta";"Parda";"Total";"Branca";"Preta";"Parda";"Total";"Branca";"Preta";"Parda";"Total";"Branca";"Preta";"Parda"
"Brasil";"3083";"3935";"2265";"2240";"3186";"4060";"2367";"2320";"3281";"4177";"2410";"2399";"3152";"3997";"2330";"2353";"3164";"4112";"2284";"2282";"3148";"4054";"2274";"2342";"3217";"4168";"2364";"2399";"3205";"4164";"2332";"2394";"3249";"4185";"2443";"2483";"3368";"4326";"2581";"2614";"3560";"4578";"2657";"2755"
"Norte";"2499";"3590";"2441";"2156";"2475";"3685";"2079";"2151";"2507";"3536";"2274";"2238";"2439";"3388";"2101";"2200";"2288";"3128";"2178";"2065";"2353";"3373";"2140";"2082";"2478";"3601";"2133";"2176";"2318";"3177";"2135";"2095";"2636";"3695";"2301";"2377";"2569";"3535";"2324";"2337";"2778";"3942";"2521";"2478"
"Nordeste";"2057";"2772";"1870";"1783";"2154";"2941";"1842";"1865";"2219";"2956";"2025";"1940";"2163";"2918";"1906";"1906";"2132";"2917";"1802";"1876";"2187";"3102";"1739";"1900";"2152";"2897";"1929";"1892";"2194";"3027";"1825";"1937";"2156";"2921";"1817";"1917";"2336";"3116";"1947";"2110";"2475";"3430";"1967";"2186"
"Sudeste";"3520";"4330";"2378";"2492";"3646";"4475";"2565";"2580";"3791";"4656";"2574";"2663";"3638";"4439";"2549";"2624";"3710";"4657";"2486";"2540";"3590";"4472";"2498";"2592";"3719";"4703";"2546";"2659";"3694";"4677";"2552";"2639";"3714";"4648";"2697";"2752";"3776";"4673";"2858";"2893";"3958";"4916";"2924";"3042"
"Sul";"3356";"3586";"2476";"2381";"3471";"3705";"2605";"2521";"3557";"3805";"2471";"2591";"3400";"3642";"2470";"2476";"3373";"3640";"2536";"2395";"3423";"3707";"2406";"2463";"3454";"3757";"2588";"2526";"3506";"3799";"2589";"2660";"3479";"3797";"2680";"2639";"3841";"4218";"2925";"2845";"4027";"4386";"3083";"3014"
"Centro-Oeste";"3562";"4619";"2737";"2878";"3614";"4586";"3049";"2958";"3687";"4568";"2930";"3114";"3529";"4389";"2743";"3003";"3448";"4512";"2741";"2824";"3539";"4396";"2904";"2993";"3556";"4373";"2804";"3135";"3458";"4338";"2795";"2980";"3715";"4814";"2994";"3087";"3773";"4874";"3093";"3191";"4134";"5382";"3180";"3455"
"Rondônia";"2592";"3209";"2510";"2253";"2603";"3174";"2286";"2286";"2597";"3012";"2407";"2419";"2672";"3267";"2252";"2414";"2461";"2923";"2546";"2208";"2577";"2969";"2160";"2431";"2922";"3702";"2557";"2561";"2742";"3363";"2484";"2485";"2950";"3648";"2530";"2717";"3151";"3988";"3124";"2805";"3362";"4333";"2983";"2908"
"Acre";"2778";"3788";"2272";"2460";"2606";"3604";"2560";"2317";"2677";"3694";"2311";"2444";"2756";"4223";"2409";"2420";"2563";"3853";"1984";"2321";"2450";"3439";"2516";"2180";"2586";"3330";"2376";"2366";"2609";"3648";"2184";"2357";"2547";"3448";"2068";"2360";"2652";"3718";"2009";"2443";"2794";"3557";"2615";"2619"
"Amazonas";"2838";"4625";"2398";"2336";"2808";"5315";"2570";"2246";"2757";"4724";"2589";"2282";"2693";"4084";"2582";"2388";"2391";"3621";"2298";"2106";"2697";"5195";"2806";"2105";"2248";"3552";"1808";"1985";"2382";"3313";"2321";"2200";"2587";"3892";"2268";"2331";"2409";"3308";"2376";"2241";"2734";"3804";"2561";"2536"
"Roraima";"3347";"4966";"3578";"2848";"3342";"4412";"2308";"3110";"3060";"4356";"2883";"2707";"3193";"4612";"2953";"2797";"3168";"4485";"2779";"2829";"2952";"3834";"2814";"2739";"3355";"4693";"2850";"3012";"3030";"3969";"2190";"2956";"3087";"4135";"2547";"2832";"2982";"4009";"2995";"2672";"3438";"4069";"2703";"3408"
"Pará";"2244";"3138";"2460";"1971";"2190";"3197";"1938";"1935";"2240";"3030";"2013";"2060";"2108";"2880";"1900";"1923";"2035";"2733";"1961";"1875";"2021";"2711";"1899";"1855";"2329";"3432";"1916";"2058";"2045";"2836";"2006";"1828";"2463";"3522";"2138";"2201";"2367";"3285";"2115";"2157";"2508";"3911";"2320";"2161"
"Amapá";"2738";"3680";"2551";"2533";"2961";"3886";"2105";"2865";"3026";"3519";"3398";"2760";"3050";"3526";"2529";"2997";"2980";"3617";"3166";"2729";"3090";"3492";"3245";"2954";"2786";"3644";"2762";"2586";"2615";"3088";"2586";"2465";"3122";"3949";"3258";"2864";"3010";"3672";"2621";"2883";"3089";"3430";"3129";"2954"
"Tocantins";"2462";"3567";"2016";"2098";"2465";"3479";"1846";"2247";"2685";"3810";"2260";"2402";"2670";"3849";"2040";"2378";"2421";"3201";"2160";"2201";"2479";"3253";"2026";"2248";"2759";"3931";"2483";"2370";"2574";"3801";"2008";"2280";"2912";"4036";"2409";"2653";"2923";"4100";"2455";"2626";"3129";"4067";"2640";"2914"
"Maranhão";"1646";"2158";"1504";"1521";"1724";"2148";"1386";"1653";"1658";"2229";"1595";"1512";"1687";"2198";"1491";"1587";"1774";"2484";"1555";"1608";"1812";"2613";"1565";"1625";"1852";"2380";"1584";"1756";"1843";"2437";"1658";"1697";"2050";"2769";"1922";"1875";"2151";"2735";"1853";"2061";"2228";"3210";"1882";"2012"
"Piauí";"1725";"2145";"1318";"1654";"2052";"2865";"1810";"1823";"1943";"2544";"2127";"1742";"2008";"3265";"1770";"1709";"1982";"2892";"1711";"1727";"1916";"2703";"1760";"1693";"2067";"3085";"1608";"1839";"1926";"2699";"1563";"1775";"2494";"3809";"2311";"2126";"2308";"3056";"1964";"2158";"2561";"4108";"1834";"2191"
"Ceará";"2093";"2767";"2076";"1785";"2130";"3038";"1510";"1755";"2091";"2818";"1894";"1761";"2148";"2712";"2037";"1925";"2091";"2839";"1609";"1820";"2197";"3080";"1813";"1867";"2123";"3048";"1709";"1756";"2280";"3316";"1846";"1889";"2092";"2954";"1645";"1802";"2153";"2998";"1896";"1856";"2394";"3229";"2045";"2098"
"Rio Grande do Norte";"2102";"2519";"1953";"1808";"2204";"2564";"2118";"1968";"2301";"2778";"2132";"1996";"2391";"2828";"2012";"2123";"2424";"2999";"2041";"2095";"2237";"2720";"1607";"1995";"2431";"2942";"1915";"2176";"2452";"2939";"1942";"2198";"2498";"3071";"2011";"2201";"2747";"3354";"1878";"2487";"3003";"3823";"2224";"2562"
"Paraíba";"1907";"2454";"1769";"1626";"1934";"2337";"1892";"1688";"2180";"2743";"2096";"1847";"2275";"2813";"2332";"1924";"2136";"2610";"2075";"1856";"2373";"3180";"1680";"2003";"2278";"3092";"2019";"1872";"2282";"2955";"1919";"1971";"2638";"3944";"1548";"2019";"2412";"2999";"2033";"2099";"2578";"3369";"1944";"2208"
"Pernambuco";"2456";"3381";"2040";"1932";"2642";"3554";"2156";"2161";"2800";"3759";"2382";"2360";"2534";"3532";"2110";"2075";"2483";"3527";"2090";"1962";"2306";"3239";"1685";"1871";"2252";"2748";"1910";"2014";"2366";"3218";"1876";"1965";"2106";"2651";"1644";"1889";"2514";"3286";"2127";"2138";"2666";"3455";"2087";"2269"
"Alagoas";"1940";"2472";"1855";"1759";"1985";"2472";"2087";"1812";"2143";"2784";"1926";"1908";"2051";"2679";"1999";"1827";"2037";"2712";"1837";"1814";"1974";"2582";"1767";"1786";"2195";"3106";"1873";"1842";"2071";"2590";"2349";"1857";"2158";"2634";"1855";"2000";"2506";"3442";"2073";"2156";"2531";"3471";"2257";"2176"
"Sergipe";"2309";"2924";"2211";"2081";"2428";"3838";"2024";"1924";"2469";"3258";"2562";"2153";"2345";"3309";"2329";"2041";"2469";"3361";"2009";"2216";"2251";"2959";"1967";"2075";"2430";"2894";"2458";"2290";"2213";"3548";"1588";"1914";"2136";"2863";"1817";"1945";"2491";"2830";"2375";"2380";"2855";"4055";"2411";"2427"
"Bahia";"2055";"2822";"1930";"1844";"2113";"2948";"1897";"1894";"2201";"2852";"2022";"2033";"2091";"2780";"1896";"1936";"2026";"2598";"1804";"1935";"2286";"3532";"1776";"2070";"2097";"2918";"2036";"1867";"2167";"2955";"1849";"2062";"1998";"2587";"1812";"1872";"2244";"3103";"1880";"2147";"2285";"3219";"1887";"2157"
"Minas Gerais";"2740";"3412";"2020";"2216";"2816";"3523";"2163";"2284";"2928";"3658";"2169";"2373";"2843";"3386";"2165";"2475";"2729";"3417";"2125";"2256";"2786";"3454";"2092";"2374";"2809";"3571";"2105";"2363";"2788";"3561";"2247";"2297";"3105";"3863";"2443";"2643";"3043";"3694";"2437";"2650";"3351";"4193";"2614";"2818"
"Espírito Santo";"2821";"3474";"2302";"2367";"3025";"3744";"2495";"2531";"3145";"3922";"2474";"2648";"3087";"3920";"2436";"2553";"2989";"3678";"2367";"2556";"3005";"3806";"2337";"2502";"3002";"3923";"2378";"2477";"3129";"4070";"2522";"2549";"3257";"4089";"2480";"2842";"3361";"4269";"2501";"2913";"3498";"4526";"2798";"2948"
"Rio de Janeiro";"3332";"4299";"2301";"2563";"3427";"4379";"2481";"2668";"3529";"4498";"2553";"2702";"3435";"4422";"2499";"2656";"3574";"4736";"2408";"2723";"3367";"4311";"2588";"2621";"3713";"4706";"2555";"2993";"3806";"5073";"2574";"2824";"3956";"5261";"2543";"2983";"3909";"5136";"2737";"3025";"4177";"5498";"3115";"3234"
"São Paulo";"3994";"4670";"2702";"2670";"4145";"4827";"2905";"2759";"4320";"5038";"2869";"2857";"4122";"4809";"2856";"2726";"4242";"5056";"2818";"2645";"4073";"4863";"2739";"2735";"4181";"5082";"2868";"2732";"4104";"4942";"2729";"2801";"3942";"4755";"2971";"2726";"4093";"4893";"3226";"2988";"4190";"5014";"3011";"3118"
"Paraná";"3351";"3682";"2834";"2413";"3536";"3913";"2874";"2601";"3619";"3995";"2879";"2685";"3326";"3666";"2512";"2533";"3374";"3796";"2363";"2402";"3440";"3844";"2382";"2503";"3497";"3955";"2666";"2539";"3535";"3995";"2432";"2709";"3404";"3795";"2903";"2635";"3881";"4444";"3219";"2768";"4084";"4605";"3629";"3008"
"Santa Catarina";"3366";"3502";"2559";"2434";"3472";"3620";"2461";"2569";"3474";"3575";"2700";"2719";"3416";"3540";"2753";"2520";"3327";"3464";"3139";"2471";"3429";"3587";"2594";"2670";"3422";"3612";"2736";"2634";"3513";"3726";"2913";"2648";"3593";"3821";"2703";"2855";"3864";"4139";"2969";"3009";"4091";"4365";"2969";"3161"
"Rio Grande do Sul";"3356";"3560";"2193";"2266";"3404";"3591";"2474";"2267";"3548";"3802";"2156";"2271";"3464";"3691";"2348";"2319";"3401";"3629";"2457";"2328";"3402";"3675";"2360";"2239";"3431";"3688";"2482";"2405";"3471";"3694";"2583";"2559";"3472";"3782";"2511";"2461";"3781";"4081";"2673";"2843";"3916";"4212";"2679";"2890"
"Mato Grosso do Sul";"3112";"3665";"2695";"2550";"3163";"3803";"2711";"2580";"3300";"3935";"2846";"2750";"2972";"3416";"2622";"2592";"3205";"3810";"2878";"2659";"3154";"3649";"3025";"2713";"3327";"4110";"2762";"2644";"3303";"4059";"2645";"2708";"3422";"4191";"2832";"2895";"3546";"4363";"3232";"2914";"3728";"4527";"3046";"3187"
"Mato Grosso";"3156";"4221";"2448";"2554";"3163";"3858";"2875";"2767";"3324";"4391";"2519";"2792";"3033";"3841";"2605";"2608";"3068";"3986";"2527";"2582";"3123";"4103";"2571";"2666";"3304";"3919";"3261";"2973";"3121";"3965";"2649";"2782";"3556";"4245";"3329";"3141";"3679";"4639";"3209";"3258";"3688";"4766";"3219";"3195"
"Goiás";"2991";"3719";"2299";"2593";"3039";"3711";"2524";"2662";"3141";"3694";"2811";"2765";"2982";"3554";"2399";"2658";"2863";"3618";"2299";"2468";"3027";"3622";"2477";"2731";"2972";"3562";"2289";"2730";"2831";"3315";"2373";"2597";"3226";"4259";"2502";"2659";"3327";"4185";"2598";"2929";"3628";"4643";"2816";"3108"
"Distrito Federal";"5738";"7860";"3723";"4312";"5827";"7552";"4488";"4383";"5777";"7301";"3814";"4765";"5880";"7739";"3660";"4744";"5455";"7762";"3687";"4151";"5578";"7342";"3954";"4316";"5458";"7008";"3395";"4809";"5541";"7199";"3970";"4560";"5424";"7418";"3714";"4381";"5292";"7313";"4063";"4084";"6322";"8435";"3981";"5077"
"Porto Velho (RO)";"3166";"4253";"3243";"2692";"3201";"4117";"2569";"2825";"3206";"4019";"2525";"2988";"2987";"3591";"2731";"2800";"2969";"3956";"3797";"2508";"3027";"3593";"2833";"2854";"3447";"5663";"2767";"2673";"3060";"3677";"2552";"2915";"2969";"3600";"2568";"2887";"3347";"4592";"3120";"2999";"4029";"6414";"3322";"2986"
"Rio Branco (AC)";"3365";"4573";"2513";"2962";"3109";"4129";"2965";"2773";"3038";"4066";"2685";"2750";"3328";"4809";"2530";"2951";"3000";"4445";"2196";"2673";"2748";"3740";"2390";"2480";"3026";"3704";"2738";"2815";"3041";"4461";"2525";"2691";"2914";"4089";"2229";"2666";"3156";"4648";"2522";"2765";"3211";"4105";"2995";"2948"
"Manaus (AM)";"3540";"5553";"2980";"2790";"3414";"6109";"2706";"2635";"3295";"5197";"2814";"2703";"3269";"4545";"3141";"2888";"2943";"4198";"2662";"2584";"3458";"6477";"3526";"2563";"2774";"4052";"2346";"2414";"2917";"3729";"2614";"2716";"3097";"4290";"2777";"2767";"2852";"3757";"2677";"2626";"3219";"4296";"3053";"2960"
"Boa Vista (RR)";"3683";"5344";"4028";"3105";"3746";"4937";"2464";"3467";"3250";"4658";"2929";"2847";"3518";"5026";"3208";"3021";"3459";"4798";"3128";"3052";"3207";"4215";"2928";"2955";"3689";"5152";"3038";"3278";"3298";"4245";"2319";"3177";"3309";"4439";"2805";"3010";"3194";"4334";"3194";"2815";"3777";"4326";"2836";"3788"
"Belém (PA)";"2575";"3094";"3567";"2267";"2824";"3844";"2577";"2537";"2738";"3607";"2570";"2440";"2756";"3829";"1867";"2570";"2723";"3869";"2192";"2433";"3050";"4684";"2077";"2715";"3925";"6055";"2209";"3143";"3082";"4495";"2739";"2645";"3855";"5639";"2971";"3261";"3130";"3965";"2511";"2855";"3919";"7274";"2816";"2894"
"Macapá (AP)";"2977";"3873";"2561";"2764";"3277";"4362";"2223";"3169";"3279";"3750";"3945";"2918";"3407";"3948";"2752";"3367";"3254";"3715";"3509";"3013";"3505";"3669";"3563";"3430";"3083";"3862";"3212";"2856";"2971";"3428";"2703";"2820";"3557";"4517";"3538";"3267";"3259";"4199";"2845";"2992";"3215";"3378";"2940";"3204"
"Palmas (TO)";"4164";"5760";"2614";"3470";"4118";"5230";"2357";"3891";"3960";"4893";"2939";"3744";"3546";"4812";"2367";"3211";"3306";"3797";"3796";"3023";"3560";"4852";"2543";"3168";"3880";"5214";"2713";"3406";"3983";"5738";"2431";"3572";"4231";"6129";"3869";"3347";"3913";"5013";"2979";"3615";"4665";"5561";"3646";"4470"
"São Luís (MA)";"2593";"3420";"2359";"2375";"2286";"2870";"2059";"2127";"1968";"2076";"2148";"1898";"2749";"3350";"2035";"2691";"2918";"4072";"2663";"2571";"2372";"3145";"2177";"2135";"2772";"3953";"1963";"2584";"2447";"2960";"2066";"2357";"3001";"3985";"2660";"2733";"3199";"3963";"2331";"3207";"2949";"3487";"2256";"2911"
"Teresina (PI)";"2375";"2911";"1735";"2320";"3134";"4357";"2074";"2908";"2917";"4095";"2864";"2573";"2845";"4431";"2450";"2460";"2688";"3790";"2171";"2436";"2747";"4184";"2369";"2333";"2737";"4188";"1960";"2576";"2651";"3795";"1836";"2531";"3690";"6936";"2542";"2814";"3383";"4577";"2434";"3153";"4029";"7280";"2327";"3184"
"Fortaleza (CE)";"3188";"4313";"3672";"2598";"3131";"4348";"1734";"2507";"3088";"4175";"2311";"2489";"3117";"3831";"2420";"2870";"3143";"4166";"1968";"2746";"3268";"4685";"2220";"2642";"3166";"4516";"2045";"2515";"3453";"5093";"2662";"2722";"3038";"4483";"2215";"2462";"3053";"4277";"2755";"2418";"3562";"4824";"2707";"3019"
"Natal (RN)";"2691";"3442";"1652";"2203";"3170";"3783";"2447";"2772";"3156";"3870";"2492";"2625";"3433";"3762";"2388";"3301";"3725";"4689";"2740";"3067";"2532";"3180";"1899";"2209";"3384";"4325";"2501";"2802";"3277";"4189";"2208";"2848";"4116";"5722";"2543";"3046";"4204";"5355";"2018";"3736";"4643";"6077";"2801";"3562"
"João Pessoa (PB)";"3012";"4140";"2499";"2395";"3242";"4354";"1990";"2642";"3598";"4642";"2956";"2896";"3958";"5186";"4156";"3018";"3689";"4829";"2661";"3055";"3979";"5840";"2079";"3117";"4010";"5774";"2776";"3015";"3836";"5115";"2583";"3359";"4997";"7617";"2178";"3443";"4017";"5011";"2973";"3390";"4148";"5561";"2572";"3387"
"Recife (PE)";"4423";"6430";"2831";"2963";"4322";"5865";"2971";"3106";"4060";"6075";"2638";"2937";"4520";"6121";"2823";"3403";"5044";"7034";"3089";"3628";"4177";"6618";"2075";"2829";"3668";"4644";"2685";"3149";"4195";"5587";"1949";"3820";"2858";"3930";"1775";"2375";"4063";"6355";"2252";"2996";"3726";"5276";"2121";"2995"
"Maceió (AL)";"2572";"3835";"2621";"2169";"2539";"3627";"2512";"2202";"2972";"3961";"2238";"2572";"2599";"3557";"2557";"2232";"2769";"3948";"2493";"2347";"2552";"3638";"2560";"2161";"2780";"4076";"2340";"2159";"2584";"3517";"2033";"2315";"2703";"3426";"1989";"2497";"3022";"4185";"2369";"2610";"3328";"4891";"2709";"2651"
"Aracaju (SE)";"3910";"5048";"2736";"3585";"3982";"6624";"2999";"2807";"4195";"5479";"4266";"3531";"4060";"5674";"3790";"3446";"4307";"5344";"2518";"4147";"3494";"5221";"2497";"3062";"4083";"5656";"3801";"3699";"3677";"6162";"1935";"3077";"3218";"4906";"2064";"2753";"3712";"4139";"3200";"3651";"4337";"6066";"3377";"3588"
"Salvador (BA)";"3578";"6601";"2423";"3309";"3277";"5237";"2293";"3171";"3771";"5869";"2721";"3629";"3279";"5432";"2400";"3165";"3271";"4898";"2430";"3347";"4047";"7910";"2149";"4310";"3386";"5734";"2608";"3172";"3506";"5233";"2336";"3721";"2970";"5044";"2244";"2671";"2831";"4755";"2317";"2631";"3133";"5478";"2134";"3053"
"Belo Horizonte (MG)";"4753";"6193";"2895";"3513";"4875";"7154";"2669";"3105";"4584";"5873";"2850";"3628";"4595";"6355";"2605";"3373";"4135";"5718";"2841";"3096";"4566";"6055";"2752";"3663";"4424";"6281";"2545";"3330";"4254";"5846";"3111";"3245";"4953";"6573";"2945";"3925";"4386";"5835";"2785";"3636";"5079";"6617";"3772";"4020"
"Vitória (ES)";"4914";"6434";"3442";"3613";"6442";"8313";"3270";"4869";"6709";"8809";"3488";"4867";"6482";"8578";"2983";"4977";"6526";"8271";"3929";"5101";"6312";"8207";"3160";"5189";"6259";"8748";"3085";"4647";"6855";"9415";"3721";"4389";"5839";"7205";"2757";"5081";"6520";"8339";"3369";"4834";"5775";"7537";"3665";"4569"
"Rio de Janeiro (RJ)";"4071";"5299";"2537";"2963";"4394";"5750";"2737";"3156";"4407";"5657";"2894";"3039";"4259";"5565";"2660";"3034";"4823";"6280";"2895";"3340";"4092";"5152";"3173";"3041";"4881";"6272";"3021";"3675";"5146";"6625";"3217";"3597";"5523";"7190";"3266";"3803";"5194";"6612";"3482";"3806";"5609";"7309";"4163";"3996"
"São Paulo (SP)";"4674";"5703";"2695";"2931";"5186";"6239";"3384";"3033";"5725";"6991";"3190";"3064";"5262";"6444";"3089";"2869";"5385";"6628";"3112";"2809";"5402";"6894";"2936";"3058";"5303";"6904";"3183";"2841";"5326";"6823";"2866";"3036";"5377";"7205";"3192";"2892";"5429";"6889";"4025";"3329";"5452";"7012";"3422";"3688"
"Curitiba (PR)";"4743";"5135";"3494";"3418";"4985";"5257";"3533";"3663";"4972";"5270";"4180";"3185";"4700";"4937";"3529";"3389";"4754";"5213";"3080";"2952";"5255";"5838";"3297";"3251";"4873";"5444";"3563";"3010";"5571";"6234";"3205";"3463";"4960";"5347";"3959";"3454";"6114";"6811";"4597";"3882";"6227";"6962";"4388";"3921"
"Florianópolis (SC)";"4559";"4843";"2668";"2457";"4935";"5123";"2833";"3887";"4760";"4980";"3270";"3592";"4708";"5003";"3061";"3065";"4607";"4870";"3106";"3222";"4595";"4873";"3032";"3600";"4640";"5038";"2873";"3409";"5554";"5884";"3731";"4439";"5914";"6450";"3530";"4236";"6186";"6937";"4085";"3603";"6381";"6712";"3581";"4765"
"Porto Alegre (RS)";"5438";"6009";"2768";"3275";"5376";"5858";"3049";"2765";"5947";"6613";"2872";"2876";"4658";"5196";"2466";"2757";"5410";"6111";"2925";"2974";"5584";"6370";"2417";"3192";"5454";"6274";"2594";"3054";"5475";"6093";"2917";"3869";"5234";"6026";"3088";"2717";"5424";"6300";"2927";"2948";"6274";"6984";"3309";"4091"
"Campo Grande (MS)";"3597";"4098";"3062";"3099";"3552";"4332";"2553";"2865";"4208";"5334";"3041";"3188";"3318";"3696";"2524";"2958";"3921";"4547";"3678";"3153";"3465";"4102";"3391";"2819";"3955";"5022";"3357";"2942";"3716";"4585";"2757";"2989";"3826";"4571";"2886";"3363";"3998";"5027";"3634";"3061";"4447";"5536";"3275";"3579"
"Cuiabá (MT)";"3771";"5448";"2381";"3206";"3790";"4778";"3500";"3213";"3941";"5811";"2995";"3194";"3407";"4466";"2882";"2920";"3749";"5649";"2659";"2816";"3266";"4472";"2517";"2956";"4243";"5059";"4655";"3719";"3921";"6388";"2893";"3125";"4457";"6335";"3290";"3621";"4154";"6222";"3166";"3521";"4082";"5656";"3445";"3534"
"Goiânia (GO)";"4039";"5096";"2616";"3227";"4101";"5068";"2925";"3310";"4179";"4745";"3503";"3406";"3849";"4530";"2971";"3203";"3798";"4813";"2374";"3103";"4186";"4942";"3143";"3648";"3856";"4604";"2836";"3412";"3675";"4257";"3053";"3362";"4223";"5648";"3366";"3030";"4408";"5467";"2936";"3732";"5007";"6654";"3110";"3897"
"Brasília (DF)";"5738";"7860";"3723";"4312";"5827";"7552";"4488";"4383";"5777";"7301";"3814";"4765";"5880";"7739";"3660";"4744";"5455";"7762";"3687";"4151";"5578";"7342";"3954";"4316";"5458";"7008";"3395";"4809";"5541";"7199";"3970";"4560";"5424";"7418";"3714";"4381";"5292";"7313";"4063";"4084";"6322";"8435";"3981";"5077"
"Manaus (AM)";"3335";"5303";"2882";"2647";"3242";"5806";"2799";"2527";"3123";"4957";"2750";"2587";"3119";"4471";"2936";"2747";"2797";"4084";"2658";"2449";"3224";"6124";"3241";"2436";"2611";"3936";"2242";"2260";"2770";"3633";"2536";"2566";"2933";"4114";"2645";"2627";"2754";"3635";"2633";"2548";"3066";"4155";"2895";"2828"
"Belém (PA)";"2591";"3039";"3001";"2382";"2655";"3541";"2473";"2389";"2546";"3201";"2619";"2302";"2482";"3274";"1877";"2330";"2559";"3537";"2163";"2334";"2659";"3973";"2093";"2391";"3354";"5046";"2150";"2826";"2737";"3827";"2745";"2361";"3361";"4950";"2706";"2841";"2932";"4025";"2327";"2610";"3300";"5727";"2479";"2603"
"Macapá (AP)";"2890";"3808";"2629";"2662";"3185";"4151";"2209";"3086";"3244";"3684";"3738";"2944";"3274";"3659";"2694";"3255";"3165";"3693";"3337";"2926";"3295";"3661";"3333";"3169";"2945";"3808";"2925";"2724";"2804";"3307";"2661";"2635";"3340";"4195";"3377";"3071";"3160";"3958";"2767";"2953";"3227";"3591";"2987";"3134"
"Grande São Luís (MA)";"2391";"3034";"2265";"2204";"2190";"2678";"2018";"2065";"1977";"2161";"2064";"1907";"2462";"3051";"1970";"2381";"2638";"3770";"2424";"2327";"2256";"2891";"2099";"2077";"2531";"3580";"1817";"2386";"2366";"2903";"2006";"2259";"2682";"3670";"2421";"2423";"2956";"3629";"2394";"2905";"2769";"3335";"2177";"2709"
"Fortaleza (CE)";"2769";"3709";"3187";"2298";"2743";"3955";"1731";"2233";"2680";"3636";"2162";"2223";"2785";"3463";"2494";"2536";"2718";"3665";"1901";"2383";"2858";"4115";"2014";"2390";"2750";"3987";"1997";"2219";"2955";"4276";"2214";"2427";"2618";"3791";"1980";"2226";"2667";"3735";"2434";"2205";"3075";"4302";"2306";"2641"
"Natal (RN)";"2481";"3090";"2131";"2109";"2774";"3299";"2500";"2437";"2812";"3490";"2089";"2417";"3127";"3612";"2226";"2857";"3137";"4011";"2597";"2599";"2568";"3284";"1806";"2219";"3197";"3796";"2147";"2958";"3201";"4100";"2146";"2794";"3232";"4315";"2028";"2728";"3391";"4172";"1983";"3134";"3825";"4914";"2683";"3137"
"João Pessoa (PB)";"2517";"3628";"1884";"2059";"2755";"3619";"1874";"2309";"3003";"3997";"2467";"2438";"3243";"4264";"3291";"2551";"2998";"4099";"2279";"2447";"3244";"4861";"1920";"2616";"3374";"4846";"2453";"2663";"3261";"4318";"2385";"2856";"3977";"5940";"1967";"2882";"3348";"4181";"2771";"2870";"3453";"4742";"2357";"2838"
"Recife (PE)";"3331";"4736";"2573";"2519";"3606";"4981";"2647";"2789";"3707";"5243";"3180";"3024";"3295";"4821";"2714";"2582";"3321";"5001";"2525";"2520";"2949";"4686";"1938";"2218";"2804";"3726";"2114";"2444";"3038";"4168";"1892";"2567";"2530";"3355";"1779";"2223";"3160";"4531";"2172";"2601";"3113";"4226";"2156";"2671"
"Maceió (AL)";"2408";"3570";"2305";"2075";"2367";"3290";"2314";"2089";"2741";"3690";"2187";"2396";"2396";"3391";"2511";"2060";"2571";"3674";"2383";"2203";"2393";"3443";"2334";"2067";"2572";"3818";"2187";"2045";"2382";"3171";"2059";"2138";"2564";"3246";"1856";"2380";"2855";"3848";"2366";"2498";"3114";"4433";"2547";"2576"
"Aracaju (SE)";"3302";"4236";"2663";"3026";"3363";"5580";"2550";"2532";"3503";"4675";"3291";"3024";"3443";"4912";"3186";"2980";"3651";"4863";"2249";"3414";"3001";"4740";"2206";"2671";"3399";"4891";"3109";"3115";"2991";"5368";"1771";"2539";"2815";"4181";"2022";"2534";"3238";"3674";"2874";"3151";"3756";"5470";"2892";"3141"
"Salvador (BA)";"3260";"5686";"2412";"3029";"3030";"4826";"2282";"2895";"3417";"5341";"2675";"3213";"3075";"5073";"2358";"2908";"3051";"4573";"2298";"3105";"3701";"7465";"2114";"3674";"3021";"5106";"2421";"2823";"3239";"5120";"2225";"3338";"2764";"4777";"2131";"2548";"2795";"4490";"2277";"2683";"2945";"5172";"2190";"2812"
"Belo Horizonte (MG)";"3547";"4760";"2475";"2811";"3723";"5489";"2482";"2707";"3625";"5018";"2491";"2851";"3564";"4930";"2451";"2896";"3375";"4757";"2358";"2749";"3563";"4948";"2530";"2900";"3524";"5144";"2508";"2798";"3323";"4623";"2605";"2716";"3917";"5440";"2752";"3170";"3742";"5096";"2705";"3136";"4216";"5729";"3363";"3370"
"Grande Vitória (ES)";"3177";"4228";"2515";"2592";"3576";"4924";"2800";"2830";"3754";"5278";"2840";"2969";"3622";"5056";"2726";"2815";"3368";"4588";"2689";"2778";"3525";"4969";"2486";"2823";"3506";"4998";"2566";"2851";"3697";"5438";"2731";"2813";"3692";"5235";"2639";"3041";"3896";"5284";"2769";"3242";"4096";"5651";"3235";"3340"
"Rio de Janeiro (RJ)";"3431";"4630";"2299";"2587";"3630";"4825";"2479";"2734";"3699";"4939";"2628";"2714";"3617";"4837";"2525";"2731";"3861";"5332";"2472";"2814";"3584";"4740";"2703";"2718";"4025";"5303";"2609";"3122";"4181";"5671";"2772";"2971";"4359";"5939";"2705";"3129";"4224";"5686";"2907";"3161";"4545";"6212";"3306";"3380"
"São Paulo (SP)";"4359";"5334";"2841";"2788";"4639";"5596";"3344";"2937";"5009";"6190";"2935";"3044";"4693";"5832";"3011";"2739";"5169";"6446";"3089";"2816";"4811";"6090";"2832";"2950";"5014";"6564";"3161";"2923";"4775";"6115";"2772";"2945";"4694";"6177";"3046";"2833";"4712";"6003";"3684";"3099";"4644";"5852";"3128";"3355"
"Curitiba (PR)";"3856";"4187";"3103";"2825";"4214";"4521";"3357";"3109";"4164";"4492";"3708";"2841";"3866";"4120";"3231";"2821";"3984";"4380";"2937";"2775";"4219";"4643";"3169";"2839";"4059";"4554";"2960";"2700";"4458";"5034";"2921";"3025";"4007";"4443";"3398";"2863";"4629";"5189";"3775";"3142";"4901";"5561";"4128";"3293"
"Florianópolis (SC)";"3896";"4064";"2721";"2459";"4351";"4486";"2788";"3392";"4085";"4226";"3098";"3006";"4052";"4210";"3415";"2868";"4113";"4208";"4474";"3091";"4062";"4276";"2720";"3430";"4111";"4374";"3228";"3175";"4601";"4859";"3571";"3633";"4589";"5023";"2998";"3488";"4777";"5292";"3124";"3399";"4858";"5150";"3316";"3858"
"Porto Alegre (RS)";"3939";"4162";"2434";"2853";"3850";"4069";"2647";"2522";"4079";"4362";"2440";"2419";"3684";"3923";"2427";"2369";"3784";"4043";"2646";"2424";"3971";"4290";"2370";"2612";"3927";"4247";"2574";"2772";"3993";"4260";"2711";"3048";"3897";"4294";"2786";"2617";"4211";"4615";"2822";"2904";"4229";"4573";"2771";"3132"
"Vale do Rio Cuiabá (MT)";"3427";"4760";"2401";"2987";"3439";"4375";"3108";"2983";"3543";"4938";"2849";"2976";"3140";"4058";"2795";"2734";"3437";"5018";"2557";"2760";"3008";"4031";"2484";"2721";"3777";"4513";"4169";"3363";"3508";"5242";"2825";"2983";"3839";"5534";"3079";"3159";"3717";"5385";"2982";"3237";"3748";"5009";"3384";"3321"
"Goiânia (GO)";"3497";"4479";"2512";"2891";"3498";"4349";"2589";"2940";"3632";"4181";"3143";"3090";"3507";"4082";"2731";"3094";"3215";"4222";"2149";"2698";"3529";"4317";"2650";"3091";"3426";"4160";"2495";"3072";"3178";"3657";"2685";"2942";"3621";"5013";"2951";"2795";"3732";"4671";"2706";"3192";"4351";"5830";"3046";"3458"
"Grande Teresina";"2126";"2627";"1630";"2076";"2724";"3976";"1912";"2486";"2539";"3664";"2572";"2243";"2531";"3996";"2242";"2219";"2424";"3549";"1995";"2191";"2461";"3839";"2155";"2126";"2483";"3768";"1907";"2319";"2462";"3576";"1790";"2335";"3231";"6057";"2308";"2574";"3056";"4302";"2292";"2814";"3569";"6506";"2320";"2869"
"Fonte: IBGE - Pesquisa Nacional por Amostra de Domicílios Contínua anual"

"Tabela 10374 - Rendimento médio mensal real das pessoas de 14 anos ou mais de idade ocupadas na semana de referência com rendimento de trabalho, habitualmente e efetivamente recebidos no trabalho principal e em todos os trabalhos, por cor ou raça"
"Variável - Rendimento médio mensal real das pessoas de 14 anos ou mais de idade ocupadas na semana de referência com rendimento de trabalho, efetivamente recebido em todos os trabalhos (Mil Reais)"
"Brasil, Região Integrada de Desenvolvimento até 2020, Grande Região, Unidade da Federação, Município e Região Metropolitana até 2020";"Ano x Cor ou raça"
"Brasil, Região Integrada de Desenvolvimento até 2020, Grande Região, Unidade da Federação, Município e Região Metropolitana até 2020";"2012";;;;"2013";;;;"2014";;;;"2015";;;;"2016";;;;"2017";;;;"2018";;;;"2019";;;;"2023";;;;"2024";;;;"2025"
"Brasil, Região Integrada de Desenvolvimento até 2020, Grande Região, Unidade da Federação, Município e Região Metropolitana até 2020";"Total";"Branca";"Preta";"Parda";"Total";"Branca";"Preta";"Parda";"Total";"Branca";"Preta";"Parda";"Total";"Branca";"Preta";"Parda";"Total";"Branca";"Preta";"Parda";"Total";"Branca";"Preta";"Parda";"Total";"Branca";"Preta";"Parda";"Total";"Branca";"Preta";"Parda";"Total";"Branca";"Preta";"Parda";"Total";"Branca";"Preta";"Parda";"Total";"Branca";"Preta";"Parda"
"Brasil";"3114";"3978";"2293";"2257";"3210";"4094";"2385";"2336";"3303";"4218";"2426";"2402";"3194";"4059";"2362";"2375";"3295";"4295";"2389";"2354";"3254";"4206";"2354";"2403";"3344";"4361";"2443";"2463";"3326";"4341";"2430";"2462";"3371";"4368";"2520";"2554";"3492";"4488";"2682";"2705";"3694";"4759";"2771";"2846"
"Norte";"2492";"3596";"2414";"2148";"2462";"3685";"2089";"2132";"2502";"3556";"2222";"2230";"2435";"3379";"2107";"2195";"2348";"3205";"2252";"2119";"2381";"3415";"2172";"2104";"2538";"3654";"2125";"2215";"2370";"3264";"2150";"2140";"2676";"3759";"2340";"2411";"2611";"3645";"2330";"2367";"2818";"4025";"2542";"2507"
"Nordeste";"2074";"2816";"1877";"1789";"2163";"2972";"1854";"1864";"2214";"2994";"2023";"1917";"2164";"2936";"1890";"1904";"2186";"3020";"1840";"1914";"2234";"3182";"1782";"1934";"2196";"2964";"1973";"1925";"2227";"3075";"1866";"1961";"2191";"2980";"1847";"1945";"2410";"3235";"2006";"2169";"2528";"3526";"1998";"2224"
"Sudeste";"3554";"4365";"2417";"2518";"3683";"4514";"2592";"2618";"3830";"4704";"2610";"2686";"3697";"4505";"2607";"2671";"3893";"4885";"2639";"2643";"3725";"4662";"2595";"2662";"3887";"4948";"2656";"2736";"3865";"4916";"2688";"2729";"3883";"4880";"2795";"2858";"3931";"4851";"2976";"3023";"4140";"5132";"3103";"3182"
"Sul";"3410";"3643";"2544";"2419";"3498";"3738";"2602";"2524";"3584";"3837";"2469";"2598";"3472";"3725";"2509";"2504";"3505";"3791";"2625";"2465";"3549";"3834";"2556";"2550";"3610";"3935";"2680";"2609";"3636";"3932";"2738";"2775";"3613";"3953";"2773";"2713";"3973";"4359";"3084";"2939";"4184";"4552";"3195";"3152"
"Centro-Oeste";"3612";"4687";"2777";"2917";"3642";"4611";"3061";"2991";"3721";"4609";"2958";"3143";"3590";"4469";"2819";"3048";"3568";"4680";"2853";"2914";"3683";"4550";"3005";"3135";"3688";"4521";"2884";"3267";"3586";"4505";"2900";"3086";"3862";"5020";"3127";"3197";"3927";"5093";"3278";"3294";"4275";"5595";"3277";"3553"
"Rondônia";"2573";"3227";"2442";"2221";"2595";"3134";"2318";"2290";"2600";"3026";"2428";"2416";"2671";"3245";"2254";"2424";"2520";"2970";"2658";"2266";"2600";"2995";"2124";"2461";"2963";"3799";"2395";"2597";"2851";"3413";"2528";"2628";"2977";"3651";"2607";"2747";"3156";"4042";"3046";"2800";"3419";"4368";"3025";"2979"
"Acre";"2852";"3942";"2401";"2504";"2600";"3592";"2535";"2312";"2674";"3702";"2276";"2439";"2734";"4224";"2346";"2395";"2588";"4028";"1902";"2326";"2479";"3672";"2634";"2144";"2638";"3433";"2410";"2403";"2614";"3656";"2155";"2367";"2624";"3566";"2177";"2421";"2699";"3837";"2034";"2474";"2861";"3605";"2672";"2695"
"Amazonas";"2822";"4585";"2378";"2326";"2776";"5261";"2631";"2214";"2759";"4743";"2579";"2280";"2689";"4045";"2604";"2391";"2436";"3662";"2454";"2146";"2722";"5285";"2816";"2114";"2261";"3592";"1769";"1997";"2411";"3382";"2318";"2224";"2611";"3918";"2236";"2365";"2441";"3361";"2421";"2269";"2835";"4091";"2632";"2594"
"Roraima";"3355";"5026";"3512";"2845";"3368";"4409";"2387";"3141";"3045";"4318";"2881";"2701";"3253";"4726";"2930";"2854";"3210";"4555";"2825";"2873";"3031";"4014";"2856";"2783";"3401";"4742";"2860";"3068";"3027";"4072";"2141";"2932";"3098";"4101";"2583";"2860";"3060";"4149";"3019";"2725";"3475";"4159";"2810";"3405"
"Pará";"2231";"3121";"2433";"1962";"2178";"3219";"1926";"1913";"2228";"3064";"1918";"2047";"2094";"2859";"1909";"1907";"2105";"2827";"2038";"1939";"2037";"2708";"1944";"1870";"2413";"3469";"1922";"2099";"2098";"2954";"2024";"1868";"2495";"3595";"2155";"2224";"2420";"3451";"2122";"2190";"2491";"3921";"2286";"2140"
"Amapá";"2701";"3619";"2539";"2497";"2963";"3919";"2153";"2846";"3043";"3540";"3391";"2779";"3085";"3561";"2579";"3030";"3048";"3659";"3275";"2796";"3197";"3577";"3369";"3065";"2837";"3684";"2785";"2645";"2648";"3135";"2606";"2497";"3211";"4003";"3407";"2942";"3037";"3733";"2641";"2900";"3160";"3508";"3240";"3016"
"Tocantins";"2493";"3681";"1989";"2104";"2466";"3546";"1846";"2235";"2682";"3804";"2279";"2398";"2680";"3906";"2026";"2375";"2485";"3317";"2165";"2258";"2529";"3286";"2008";"2317";"2842";"3985";"2526";"2462";"2653";"3880";"2038";"2345";"3016";"4224";"2508";"2733";"2963";"4141";"2458";"2676";"3265";"4192";"2742";"3065"
"Maranhão";"1625";"2154";"1479";"1496";"1706";"2115";"1380";"1638";"1645";"2194";"1595";"1503";"1665";"2193";"1461";"1562";"1769";"2478";"1566";"1600";"1810";"2603";"1549";"1630";"1854";"2402";"1576";"1753";"1847";"2428";"1676";"1700";"1985";"2540";"1931";"1837";"2167";"2768";"1878";"2070";"2213";"3147";"1894";"2006"
"Piauí";"1737";"2157";"1337";"1665";"2077";"2870";"1859";"1853";"1931";"2572";"2169";"1710";"2007";"3365";"1727";"1687";"2029";"3018";"1759";"1750";"1915";"2745";"1774";"1677";"2117";"3203";"1669";"1866";"1917";"2665";"1592";"1766";"2552";"3812";"2435";"2187";"2325";"3072";"2069";"2158";"2617";"4182";"1847";"2249"
"Ceará";"2101";"2818";"2044";"1776";"2116";"3025";"1490";"1741";"2075";"2800";"1839";"1748";"2151";"2722";"2008";"1926";"2145";"2908";"1600";"1874";"2255";"3127";"1931";"1927";"2157";"3096";"1698";"1790";"2305";"3359";"1889";"1903";"2173";"3220";"1654";"1819";"2203";"3111";"1900";"1887";"2443";"3242";"2094";"2161"
"Rio Grande do Norte";"2115";"2546";"2026";"1809";"2190";"2569";"2107";"1941";"2295";"2801";"2243";"1961";"2409";"2848";"1996";"2143";"2516";"3107";"2095";"2181";"2253";"2755";"1536";"2011";"2497";"3032";"1989";"2225";"2521";"3015";"1921";"2275";"2576";"3154";"2040";"2288";"2880";"3475";"2073";"2621";"3135";"4050";"2220";"2647"
"Paraíba";"1905";"2448";"1813";"1626";"1950";"2395";"1923";"1679";"2182";"2782";"2067";"1829";"2265";"2796";"2336";"1916";"2181";"2646";"2096";"1911";"2492";"3352";"1849";"2089";"2350";"3187";"2075";"1934";"2370";"3099";"1995";"2024";"2637";"3873";"1545";"2061";"2531";"3173";"2161";"2185";"2594";"3344";"2029";"2238"
"Pernambuco";"2504";"3433";"2090";"1976";"2712";"3690";"2189";"2196";"2815";"3804";"2368";"2361";"2548";"3552";"2090";"2089";"2615";"3782";"2204";"2030";"2383";"3357";"1764";"1924";"2323";"2845";"2038";"2063";"2441";"3293";"1920";"2047";"2152";"2702";"1688";"1934";"2635";"3459";"2231";"2230";"2769";"3663";"2172";"2310"
"Alagoas";"1966";"2537";"1906";"1770";"1988";"2471";"2082";"1817";"2257";"3224";"1925";"1906";"2054";"2678";"2028";"1829";"2055";"2720";"1842";"1835";"1987";"2602";"1829";"1794";"2231";"3179";"1885";"1861";"2093";"2604";"2346";"1885";"2190";"2680";"1874";"2027";"2555";"3534";"2096";"2188";"2604";"3577";"2325";"2235"
"Sergipe";"2399";"3033";"2687";"2106";"2440";"3872";"2067";"1922";"2479";"3276";"2564";"2161";"2362";"3349";"2353";"2049";"2524";"3452";"2073";"2256";"2290";"3001";"2044";"2105";"2474";"2993";"2645";"2298";"2253";"3596";"1603";"1955";"2198";"3022";"1824";"1987";"2594";"2937";"2526";"2473";"2891";"4056";"2500";"2464"
"Bahia";"2066";"2891";"1899";"1849";"2111";"2946";"1910";"1887";"2172";"2877";"2019";"1975";"2092";"2808";"1880";"1935";"2060";"2667";"1840";"1958";"2332";"3645";"1812";"2096";"2135";"2943";"2073";"1899";"2178";"2978";"1901";"2050";"2034";"2649";"1844";"1905";"2315";"3211";"1915";"2221";"2330";"3353";"1897";"2181"
"Minas Gerais";"2797";"3498";"2080";"2245";"2861";"3578";"2209";"2320";"2974";"3716";"2189";"2415";"2929";"3486";"2247";"2548";"2863";"3597";"2246";"2353";"2831";"3533";"2117";"2392";"2906";"3711";"2180";"2427";"2880";"3687";"2343";"2362";"3246";"4082";"2535";"2739";"3154";"3869";"2490";"2724";"3501";"4386";"2670";"2960"
"Espírito Santo";"2843";"3513";"2332";"2371";"3037";"3750";"2487";"2550";"3154";"3937";"2449";"2661";"3115";"3971";"2480";"2559";"3044";"3748";"2440";"2596";"3104";"3913";"2506";"2577";"3060";"4002";"2415";"2525";"3245";"4259";"2588";"2619";"3347";"4254";"2497";"2894";"3465";"4423";"2576";"2986";"3613";"4621";"2897";"3083"
"Rio de Janeiro";"3379";"4364";"2312";"2602";"3446";"4392";"2502";"2693";"3558";"4538";"2572";"2719";"3483";"4475";"2540";"2701";"3669";"4857";"2487";"2796";"3447";"4416";"2677";"2670";"3879";"4939";"2685";"3092";"4049";"5464";"2699";"2942";"4122";"5471";"2621";"3138";"4079";"5343";"2862";"3175";"4333";"5722";"3224";"3338"
"São Paulo";"4014";"4682";"2750";"2692";"4187";"4869";"2926";"2809";"4362";"5086";"2936";"2870";"4174";"4867";"2911";"2761";"4488";"5333";"3058";"2775";"4270";"5114";"2882";"2847";"4390";"5371";"2998";"2814";"4290";"5177";"2901";"2900";"4131";"5002";"3092";"2827";"4266";"5067";"3386";"3151";"4399";"5240";"3316";"3271"
"Paraná";"3399";"3744";"2904";"2425";"3545";"3922";"2853";"2611";"3632";"4014";"2855";"2686";"3379";"3736";"2536";"2547";"3489";"3950";"2383";"2444";"3574";"3977";"2511";"2582";"3620";"4102";"2760";"2607";"3653";"4115";"2551";"2825";"3568";"4008";"2996";"2701";"3987";"4543";"3509";"2853";"4250";"4787";"3702";"3157"
"Santa Catarina";"3435";"3575";"2628";"2476";"3507";"3661";"2460";"2560";"3509";"3612";"2701";"2742";"3499";"3629";"2794";"2561";"3459";"3601";"3260";"2559";"3566";"3722";"2685";"2818";"3602";"3798";"2859";"2778";"3697";"3927";"3042";"2770";"3701";"3938";"2756";"2934";"3984";"4265";"3000";"3127";"4229";"4511";"3066";"3277"
"Rio Grande do Sul";"3404";"3601";"2261";"2367";"3446";"3639";"2483";"2258";"3583";"3841";"2166";"2286";"3547";"3781";"2399";"2370";"3552";"3786";"2583";"2448";"3514";"3791";"2544";"2297";"3605";"3888";"2562";"2471";"3578";"3791";"2761";"2669";"3596";"3915";"2620";"2546";"3950";"4270";"2792";"2932";"4080";"4378";"2833";"3021"
"Mato Grosso do Sul";"3196";"3766";"2821";"2612";"3187";"3838";"2795";"2587";"3300";"3911";"2808";"2773";"2999";"3416";"2714";"2636";"3348";"3942";"3018";"2815";"3260";"3794";"3129";"2782";"3412";"4244";"2844";"2683";"3386";"4069";"2641";"2856";"3534";"4321";"2921";"2992";"3704";"4539";"3526";"3029";"3909";"4756";"3182";"3343"
"Mato Grosso";"3194";"4272";"2469";"2588";"3207";"3879";"2875";"2832";"3357";"4425";"2625";"2812";"3044";"3849";"2636";"2617";"3150";"4110";"2613";"2640";"3222";"4228";"2674";"2748";"3424";"4029";"3333";"3111";"3256";"4151";"2826";"2887";"3663";"4418";"3484";"3204";"3781";"4765";"3320";"3348";"3780";"4886";"3410";"3251"
"Goiás";"3011";"3755";"2332";"2601";"3023";"3646";"2479";"2682";"3139";"3678";"2817";"2773";"3036";"3615";"2529";"2697";"2953";"3757";"2377";"2527";"3115";"3689";"2566";"2834";"3110";"3696";"2376";"2882";"2910";"3448";"2458";"2640";"3331";"4417";"2586";"2735";"3422";"4322";"2717";"2984";"3709";"4779";"2833";"3160"
"Distrito Federal";"5842";"7976";"3732";"4426";"5943";"7741";"4591";"4432";"5931";"7534";"3837";"4871";"6043";"8009";"3667";"4851";"5670";"8080";"3872";"4301";"5940";"7741";"4075";"4697";"5636";"7245";"3468";"4963";"5821";"7585";"4076";"4798";"5759";"7856";"3944";"4662";"5671";"7875";"4448";"4328";"6635";"8894";"4107";"5310"
"Porto Velho (RO)";"3179";"4305";"3194";"2693";"3160";"3990";"2558";"2816";"3217";"4036";"2531";"2998";"3032";"3641";"2893";"2834";"3011";"3990";"3823";"2552";"3024";"3610";"2826";"2845";"3516";"5836";"2748";"2714";"3126";"3678";"2617";"2990";"2996";"3640";"2570";"2915";"3361";"4602";"3130";"3015";"4055";"6443";"3331";"3012"
"Rio Branco (AC)";"3500";"4942";"2678";"3007";"3109";"4117";"2911";"2783";"3066";"4077";"2718";"2778";"3331";"4873";"2473";"2941";"3062";"4705";"2148";"2696";"2830";"4103";"2504";"2467";"3101";"3880";"2808";"2854";"3085";"4612";"2595";"2706";"2977";"4199";"2299";"2713";"3215";"4769";"2592";"2804";"3315";"4150";"3069";"3078"
"Manaus (AM)";"3524";"5511";"3021";"2781";"3388";"6026";"2781";"2621";"3325";"5250";"2824";"2727";"3276";"4503";"3184";"2907";"3030";"4268";"2887";"2670";"3522";"6633";"3483";"2605";"2815";"4136";"2368";"2444";"2945";"3785";"2590";"2740";"3160";"4371";"2796";"2827";"2919";"3842";"2778";"2688";"3381";"4624";"3157";"3087"
"Boa Vista (RR)";"3713";"5425";"4021";"3122";"3778";"4957";"2475";"3508";"3238";"4630";"2931";"2843";"3619";"5206";"3139";"3115";"3503";"4856";"3164";"3102";"3327";"4459";"2990";"3030";"3775";"5232";"3058";"3387";"3297";"4362";"2309";"3134";"3329";"4399";"2852";"3055";"3305";"4509";"3249";"2902";"3856";"4416";"3053";"3836"
"Belém (PA)";"2609";"3098";"3742";"2294";"2850";"3980";"2597";"2528";"2711";"3588";"2361";"2433";"2791";"3843";"1824";"2625";"2824";"3870";"2263";"2567";"3154";"4869";"2107";"2798";"4247";"6063";"2365";"3237";"3205";"4628";"2764";"2783";"4037";"5798";"3273";"3421";"3281";"4166";"2608";"2999";"4042";"7523";"2722";"3008"
"Macapá (AP)";"2924";"3800";"2573";"2709";"3283";"4418";"2285";"3140";"3297";"3775";"3958";"2934";"3460";"4003";"2816";"3417";"3344";"3762";"3596";"3118";"3644";"3789";"3746";"3568";"3127";"3864";"3245";"2916";"3029";"3462";"2728";"2890";"3667";"4552";"3732";"3369";"3296";"4277";"2891";"3010";"3274";"3443";"2959";"3267"
"Palmas (TO)";"4354";"6264";"2619";"3501";"4192";"5285";"2420";"3974";"4011";"4893";"2964";"3824";"3557";"4802";"2388";"3229";"3365";"3832";"3790";"3095";"3589";"4852";"2579";"3208";"4185";"5529";"3024";"3672";"4211";"5991";"2463";"3748";"4451";"6441";"4109";"3518";"4091";"5294";"2870";"3829";"4949";"5811";"3959";"4737"
"São Luís (MA)";"2632";"3479";"2426";"2404";"2322";"2902";"2115";"2160";"1983";"2089";"2162";"1916";"2781";"3366";"2059";"2729";"2961";"4192";"2690";"2590";"2457";"3246";"2277";"2213";"2812";"4087";"2005";"2589";"2523";"3012";"2168";"2427";"2591";"2903";"2568";"2488";"3170";"4005";"2370";"3131";"2979";"3520";"2270";"2948"
"Teresina (PI)";"2420";"2922";"1826";"2368";"3248";"4452";"2159";"3032";"2935";"4219";"2941";"2549";"2931";"4768";"2489";"2484";"2826";"3930";"2295";"2576";"2796";"4264";"2444";"2370";"2891";"4383";"2072";"2731";"2666";"3745";"1883";"2558";"3813";"6896";"2779";"2967";"3404";"4731";"2367";"3144";"4147";"7422";"2473";"3286"
"Fortaleza (CE)";"3223";"4420";"3696";"2597";"3147";"4357";"1735";"2529";"3091";"4170";"2284";"2496";"3130";"3879";"2372";"2872";"3256";"4291";"2007";"2861";"3399";"4781";"2504";"2781";"3247";"4608";"2100";"2596";"3534";"5186";"2812";"2786";"3281";"5205";"2258";"2504";"3168";"4483";"2817";"2493";"3642";"4798";"2733";"3160"
"Natal (RN)";"2721";"3504";"1694";"2209";"3203";"3798";"2482";"2820";"3223";"3998";"2735";"2624";"3564";"3881";"2392";"3460";"3959";"4973";"2943";"3264";"2589";"3252";"1877";"2267";"3433";"4445";"2454";"2809";"3390";"4336";"2245";"2950";"4206";"5824";"2630";"3125";"4296";"5416";"2060";"3868";"5035";"6754";"2878";"3724"
"João Pessoa (PB)";"3026";"4136";"2519";"2419";"3348";"4585";"2033";"2679";"3621";"4682";"2998";"2904";"3993";"5200";"4205";"3068";"3832";"4945";"2666";"3239";"4211";"6230";"2208";"3270";"4154";"5963";"2847";"3141";"4072";"5575";"2686";"3470";"5026";"7628";"2189";"3487";"4310";"5353";"3350";"3631";"4161";"5528";"2697";"3416"
"Recife (PE)";"4480";"6517";"2876";"3002";"4529";"6131";"3137";"3260";"4088";"6255";"2612";"2873";"4549";"6164";"2857";"3417";"5501";"7787";"3311";"3870";"4368";"6983";"2187";"2912";"3834";"4915";"2962";"3219";"4361";"5745";"1994";"4047";"2936";"4024";"1850";"2444";"4315";"6668";"2464";"3212";"3962";"5771";"2286";"3044"
"Maceió (AL)";"2588";"3846";"2638";"2187";"2563";"3648";"2517";"2227";"3284";"4963";"2226";"2583";"2622";"3576";"2628";"2252";"2816";"3993";"2501";"2396";"2597";"3715";"2678";"2190";"2820";"4113";"2420";"2196";"2621";"3572";"2078";"2346";"2808";"3557";"2072";"2589";"3095";"4332";"2414";"2651";"3474";"5103";"2809";"2772"
"Aracaju (SE)";"4165";"5260";"3982";"3671";"4006";"6668";"3034";"2820";"4239";"5504";"4293";"3585";"4145";"5802";"3830";"3519";"4442";"5579";"2574";"4253";"3638";"5392";"2721";"3178";"4316";"6027";"4187";"3874";"3757";"6309";"1882";"3157";"3376";"5294";"2161";"2829";"3936";"4398";"3443";"3858";"4487";"6220";"3700";"3686"
"Salvador (BA)";"3669";"7027";"2401";"3363";"3360";"5249";"2365";"3283";"3732";"6140";"2769";"3426";"3280";"5531";"2367";"3156";"3350";"5088";"2539";"3365";"4217";"8489";"2253";"4384";"3482";"5980";"2648";"3261";"3441";"5216";"2471";"3472";"3070";"5222";"2311";"2767";"2912";"4910";"2341";"2719";"3166";"5520";"2128";"3113"
"Belo Horizonte (MG)";"4874";"6367";"2949";"3589";"4883";"7164";"2671";"3120";"4682";"5988";"2871";"3732";"4742";"6689";"2623";"3373";"4430";"6241";"2979";"3235";"4635";"6204";"2816";"3650";"4680";"6763";"2645";"3439";"4453";"6231";"3229";"3315";"5210";"6906";"2985";"4183";"4674";"6340";"2935";"3778";"5449";"6953";"3935";"4494"
"Vitória (ES)";"4952";"6507";"3470";"3616";"6492";"8322";"3303";"4967";"6745";"8846";"3495";"4912";"6626";"8774";"3096";"5070";"6854";"8744";"3984";"5332";"6521";"8481";"3438";"5296";"6471";"9078";"3129";"4796";"7367";"10278";"3896";"4541";"6249";"7672";"2828";"5498";"6762";"8757";"3463";"4837";"6160";"8069";"3916";"4836"
"Rio de Janeiro (RJ)";"4112";"5354";"2559";"2989";"4413";"5761";"2757";"3183";"4436";"5698";"2899";"3056";"4306";"5601";"2689";"3097";"4923";"6414";"2944";"3407";"4198";"5312";"3296";"3073";"5159";"6640";"3295";"3829";"5529";"7222";"3348";"3745";"5827";"7546";"3411";"4100";"5384";"6827";"3648";"3967";"5884";"7704";"4263";"4200"
"São Paulo (SP)";"4639";"5644";"2727";"2925";"5196";"6263";"3341";"3022";"5776";"7054";"3257";"3070";"5297";"6479";"3081";"2899";"5629";"6935";"3260";"2930";"5755";"7431";"3085";"3166";"5603";"7313";"3447";"2948";"5453";"7018";"3040";"3010";"5564";"7487";"3272";"2958";"5596";"7017";"4238";"3513";"5675";"7211";"4063";"3826"
"Curitiba (PR)";"4770";"5165";"3479";"3444";"5042";"5317";"3565";"3702";"4993";"5289";"4221";"3206";"4830";"5069";"3659";"3512";"4914";"5431";"3189";"2941";"5502";"6134";"3470";"3292";"5179";"5753";"3909";"3251";"5726";"6393";"3390";"3604";"5186";"5587";"4230";"3572";"6379";"7111";"4728";"3987";"6467";"7191";"4677";"4205"
"Florianópolis (SC)";"4571";"4852";"2676";"2465";"4921";"5130";"2841";"3563";"4837";"5071";"3246";"3603";"4872";"5179";"3168";"3095";"4907";"5207";"3299";"3272";"4966";"5299";"3076";"3806";"4869";"5232";"2930";"3835";"6397";"6946";"3688";"4356";"5902";"6429";"3607";"4203";"6285";"6985";"4049";"4045";"6672";"7006";"3633";"5183"
"Porto Alegre (RS)";"5555";"6148";"2781";"3324";"5521";"6041";"2958";"2762";"5978";"6635";"2922";"2969";"4899";"5468";"2645";"2820";"5692";"6422";"3077";"3169";"5837";"6662";"2606";"3209";"5735";"6619";"2752";"2996";"5655";"6283";"3193";"3889";"5526";"6319";"3343";"3048";"5780";"6713";"3133";"2981";"6675";"7396";"3416";"4528"
"Campo Grande (MS)";"3625";"4144";"3076";"3110";"3553";"4347";"2561";"2851";"4240";"5370";"3086";"3213";"3364";"3701";"2658";"3029";"4107";"4772";"3750";"3331";"3591";"4242";"3527";"2934";"4056";"5175";"3448";"2989";"3754";"4512";"2734";"3104";"3885";"4642";"2826";"3445";"4158";"5246";"3683";"3186";"4722";"5925";"3359";"3782"
"Cuiabá (MT)";"3789";"5462";"2383";"3231";"3818";"4806";"3514";"3245";"3986";"5875";"2984";"3243";"3443";"4511";"2917";"2950";"3849";"5913";"2695";"2835";"3436";"4705";"2632";"3110";"4313";"5144";"4606";"3822";"4104";"6702";"2944";"3304";"4722";"7053";"3466";"3651";"4264";"6343";"3268";"3632";"4176";"5753";"3615";"3606"
"Goiânia (GO)";"4055";"5143";"2611";"3217";"4064";"4894";"2809";"3434";"4204";"4775";"3539";"3421";"3914";"4606";"2981";"3262";"3930";"4969";"2546";"3189";"4295";"5045";"3264";"3764";"3976";"4677";"2797";"3604";"3809";"4465";"3091";"3453";"4371";"5847";"3622";"3109";"4642";"5759";"3120";"3891";"5044";"6714";"3087";"3924"
"Brasília (DF)";"5842";"7976";"3732";"4426";"5943";"7741";"4591";"4432";"5931";"7534";"3837";"4871";"6043";"8009";"3667";"4851";"5670";"8080";"3872";"4301";"5940";"7741";"4075";"4697";"5636";"7245";"3468";"4963";"5821";"7585";"4076";"4798";"5759";"7856";"3944";"4662";"5671";"7875";"4448";"4328";"6635";"8894";"4107";"5310"
"Manaus (AM)";"3315";"5263";"2919";"2632";"3214";"5728";"2872";"2507";"3141";"5006";"2761";"2597";"3128";"4433";"2972";"2766";"2876";"4151";"2873";"2524";"3274";"6262";"3278";"2464";"2637";"3999";"2210";"2280";"2815";"3712";"2534";"2605";"2986";"4189";"2659";"2676";"2814";"3711";"2724";"2602";"3201";"4444";"2993";"2930"
"Belém (PA)";"2590";"3029";"3060";"2376";"2672";"3614";"2490";"2388";"2505";"3172";"2406";"2279";"2504";"3303";"1828";"2361";"2727";"3703";"2313";"2502";"2740";"4118";"2110";"2459";"3569";"5070";"2257";"2879";"2846";"3972";"2772";"2473";"3517";"5140";"2946";"2966";"3049";"4142";"2403";"2737";"3394";"5911";"2421";"2690"
"Macapá (AP)";"2854";"3759";"2627";"2626";"3190";"4197";"2267";"3064";"3262";"3700";"3736";"2965";"3315";"3696";"2747";"3294";"3238";"3733";"3415";"3007";"3407";"3763";"3468";"3281";"3001";"3846";"2952";"2790";"2857";"3345";"2685";"2697";"3439";"4250";"3545";"3159";"3193";"4028";"2811";"2970";"3288";"3666";"3008";"3196"
"Grande São Luís (MA)";"2421";"3076";"2323";"2225";"2219";"2706";"2067";"2091";"1989";"2178";"2072";"1919";"2479";"3064";"1984";"2400";"2675";"3871";"2465";"2344";"2327";"2969";"2183";"2145";"2558";"3693";"1844";"2387";"2424";"2957";"2096";"2305";"2371";"2733";"2351";"2256";"2948";"3667";"2429";"2869";"2786";"3333";"2224";"2730"
"Fortaleza (CE)";"2803";"3811";"3211";"2300";"2751";"3962";"1724";"2243";"2675";"3619";"2083";"2227";"2795";"3494";"2455";"2541";"2809";"3784";"1936";"2467";"2995";"4212";"2232";"2541";"2810";"4063";"1993";"2281";"3015";"4347";"2325";"2473";"2776";"4319";"2013";"2250";"2769";"3906";"2490";"2283";"3143";"4289";"2329";"2749"
"Natal (RN)";"2498";"3137";"2164";"2106";"2792";"3345";"2461";"2440";"2846";"3570";"2218";"2406";"3202";"3678";"2221";"2949";"3265";"4179";"2695";"2703";"2616";"3355";"1768";"2262";"3284";"3891";"2271";"3033";"3332";"4254";"2123";"2939";"3351";"4414";"2080";"2884";"3601";"4381";"2287";"3334";"4075";"5318";"2662";"3300"
"João Pessoa (PB)";"2529";"3637";"1876";"2076";"2834";"3807";"1892";"2333";"3014";"4030";"2462";"2437";"3261";"4288";"3270";"2571";"3098";"4199";"2259";"2568";"3449";"5199";"2033";"2770";"3493";"5013";"2502";"2768";"3440";"4642";"2506";"2948";"4015";"5953";"1978";"2940";"3577";"4452";"3027";"3068";"3453";"4693";"2454";"2854"
"Recife (PE)";"3395";"4807";"2647";"2579";"3753";"5232";"2733";"2871";"3755";"5360";"3158";"3046";"3331";"4878";"2720";"2611";"3544";"5454";"2628";"2637";"3087";"4918";"2076";"2306";"2907";"3888";"2241";"2514";"3150";"4274";"1927";"2703";"2598";"3452";"1834";"2276";"3348";"4783";"2355";"2749";"3257";"4513";"2267";"2733"
"Maceió (AL)";"2423";"3584";"2329";"2090";"2386";"3312";"2319";"2107";"2996";"4584";"2177";"2406";"2420";"3414";"2574";"2080";"2607";"3713";"2401";"2238";"2435";"3511";"2435";"2098";"2610";"3850";"2250";"2083";"2422";"3216";"2104";"2177";"2634";"3331";"1901";"2443";"2931";"4004";"2399";"2545";"3247";"4629";"2640";"2685"
"Aracaju (SE)";"3478";"4397";"3467";"3085";"3401";"5641";"2665";"2548";"3538";"4706";"3320";"3061";"3506";"5014";"3216";"3035";"3762";"5076";"2315";"3496";"3116";"4878";"2338";"2769";"3584";"5203";"3441";"3251";"3055";"5495";"1810";"2590";"2929";"4498";"2066";"2595";"3419";"3859";"3077";"3325";"3853";"5583";"3067";"3207"
"Salvador (BA)";"3329";"6018";"2386";"3075";"3075";"4810";"2331";"2955";"3385";"5561";"2711";"3060";"3071";"5182";"2328";"2884";"3124";"4716";"2399";"3135";"3833";"7861";"2207";"3740";"3116";"5334";"2475";"2904";"3228";"5239";"2328";"3182";"2858";"4964";"2207";"2627";"2879";"4665";"2315";"2766";"2976";"5215";"2182";"2868"
"Belo Horizonte (MG)";"3635";"4905";"2544";"2857";"3751";"5528";"2530";"2724";"3704";"5085";"2493";"2958";"3711";"5170";"2581";"2984";"3560";"5096";"2474";"2853";"3644";"5045";"2588";"2965";"3673";"5420";"2607";"2880";"3484";"4889";"2766";"2813";"4149";"5774";"2866";"3373";"3934";"5442";"2809";"3253";"4459";"5965";"3551";"3636"
"Grande Vitória (ES)";"3224";"4299";"2567";"2619";"3589";"4935";"2801";"2843";"3775";"5270";"2805";"3021";"3680";"5180";"2796";"2821";"3460";"4734";"2782";"2838";"3681";"5139";"2742";"2948";"3614";"5153";"2622";"2947";"3895";"5828";"2818";"2917";"3863";"5560";"2708";"3145";"4045";"5508";"2849";"3355";"4301";"5933";"3338";"3524"
"Rio de Janeiro (RJ)";"3470";"4687";"2317";"2616";"3649";"4839";"2494";"2761";"3733";"4986";"2650";"2736";"3666";"4889";"2570";"2778";"3960";"5464";"2542";"2890";"3659";"4846";"2784";"2759";"4213";"5565";"2772";"3232";"4472";"6157";"2889";"3101";"4561";"6203";"2787";"3314";"4405";"5916";"3045";"3307";"4728";"6477";"3423";"3508"
"São Paulo (SP)";"4346";"5300";"2881";"2799";"4675";"5627";"3325";"2995";"5067";"6268";"2970";"3060";"4768";"5912";"3066";"2804";"5468";"6795";"3375";"2936";"5064";"6447";"2979";"3062";"5257";"6923";"3294";"3010";"4936";"6338";"2966";"2993";"4880";"6432";"3149";"2929";"4883";"6139";"3867";"3294";"4860";"6073";"3560";"3506"
"Curitiba (PR)";"3892";"4239";"3098";"2815";"4270";"4592";"3319";"3125";"4159";"4490";"3554";"2843";"3956";"4212";"3306";"2903";"4118";"4565";"2963";"2789";"4399";"4861";"3288";"2888";"4277";"4795";"3086";"2846";"4585";"5173";"3010";"3134";"4168";"4619";"3565";"2957";"4800";"5382";"3895";"3236";"5099";"5776";"4128";"3483"
"Florianópolis (SC)";"3923";"4085";"2710";"2573";"4359";"4509";"2813";"3165";"4132";"4281";"3081";"3003";"4206";"4383";"3401";"2896";"4310";"4406";"4623";"3317";"4334";"4564";"2834";"3712";"4292";"4553";"3266";"3380";"5087";"5461";"3688";"3610";"4619";"5038";"3072";"3551";"4878";"5373";"3096";"3667";"5083";"5397";"3379";"4083"
"Porto Alegre (RS)";"4012";"4237";"2449";"2948";"3908";"4138";"2616";"2529";"4094";"4373";"2461";"2477";"3792";"4037";"2562";"2386";"3943";"4211";"2782";"2518";"4122";"4448";"2566";"2673";"4114";"4453";"2718";"2838";"4165";"4422";"2946";"3230";"4145";"4554";"3000";"2830";"4436";"4847";"2960";"3116";"4480";"4821";"2939";"3409"
"Vale do Rio Cuiabá (MT)";"3459";"4782";"2408";"3028";"3458";"4385";"3119";"3008";"3583";"4978";"2845";"3025";"3178";"4109";"2831";"2764";"3528";"5251";"2593";"2790";"3153";"4224";"2571";"2856";"3874";"4607";"4185";"3487";"3665";"5490";"3125";"3070";"4043";"6081";"3213";"3212";"3828";"5521";"3107";"3337";"3839";"5124";"3514";"3390"
"Goiânia (GO)";"3511";"4518";"2527";"2886";"3474";"4237";"2504";"2998";"3627";"4176";"3194";"3076";"3545";"4128";"2780";"3124";"3303";"4342";"2274";"2750";"3608";"4382";"2789";"3174";"3556";"4268";"2520";"3242";"3275";"3841";"2803";"2969";"3740";"5147";"3133";"2892";"3872";"4892";"2807";"3262";"4365";"5864";"3071";"3453"
"Grande Teresina";"2158";"2643";"1702";"2107";"2805";"4044";"1968";"2574";"2546";"3769";"2630";"2217";"2592";"4282";"2264";"2234";"2523";"3662";"2092";"2287";"2493";"3907";"2187";"2149";"2596";"3906";"2004";"2432";"2478";"3547";"1823";"2359";"3330";"6028";"2484";"2693";"3078";"4438";"2241";"2814";"3676";"6627";"2450";"2967"
"Fonte: IBGE - Pesquisa Nacional por Amostra de Domicílios Contínua anual"

"Notas"
"A partir do 4º trimestre de 2015, em acordo com as recomendações da 19ª Conferência Internacional de Estatísticos do Trabalho - CIET, da OIT, pessoas em licença remunerada, independentemente do tempo de afastamento, passaram a ser classificadas como ""ocupadas"" e seus rendimentos do trabalho foram coletados normalmente. Anteriormente, as pessoas em licença remunerada na semana de referência da pesquisa e que estavam afastadas por período inferior a 4 meses eram classificadas como ""ocupadas"". Caso esse afastamento fosse igual ou superior a 4 meses, essas pessoas eram definidas como ""fora da força de trabalho"" e, portanto, não se investigava o rendimento do trabalho.
Além disso, a partir do 4º trimestre de 2015, também passaram a ser classificadas como ""ocupadas"" as pessoas que ajudaram, sem receber remuneração, no trabalho remunerado de parente, adicionalmente àquelas que ajudaram no trabalho remunerado de outro morador do mesmo domicílio. Anteriormente, eram consideradas ""ocupadas"" apenas as pessoas que ajudaram, sem receber remuneração, no trabalho remunerado de outro morador do mesmo domicílio.
O valor efetivo se refere ao valor recebido no mês anterior ao da coleta.
Para cálculo do valor real é utilizado o deflator da média do último trimestre de coleta divulgado, conforme a Nota Técnica (maio/2015 - atualizada em 16/10/2018).
A categoria Total para ""Cor ou raça"" inclui as pessoas que se declararam indígenas, amarelas ou sem declaração.
A partir de 2025, as estimativas deste tema passaram a ser divulgadas com base na nova ponderação da pesquisa, conforme a Nota Técnica 02/2025. Consequentemente, a série histórica dos indicadores foi atualizada."
""
"Legenda"
"Símbolo";"Significado"
"-";"Zero absoluto, não resultante de um cálculo ou arredondamento.
Ex: Em determinado município não existem pessoas de 14 anos de idade sem instrução."
"0";"Zero resultante de um cálculo ou arredondamento.
Ex: A inflação do feijão em determinada Região Metropolitana foi 0.
Determinado município produziu 400 kg de sementes de girassol e os dados da tabela são expressos em toneladas."
"X";"Valor inibido para não identificar o informante.
Ex: Determinado município só possui uma empresa produtora de cimento, logo o valor de sua produção deve ser inibido."
"..";"Valor não se aplica.
Ex: Não se pode obter o total da produção agrícola em determinado município quando os produtos agrícolas são contabilizados com unidades de medida distintas."
"...";"Valor não disponível.
Ex: A produção de feijão em determinado município não foi pesquisada ou determinado município não existia no ano da pesquisa."
"A a Z
(exceto X)";"Significa uma faixa de valores. Varia em função da tabela (se for o caso).
Ex: O nível de precisão da produção estimada de combustíveis está na faixa A (95 a 100%)"
